#,734,27.0924,0.95,330,73400,7340
677,684,687,671,665,650,645,644,643,628,627,626,624,637,653,659,673,681,697,699,702,701,700,694,695,704,703,707,708,714,720,719,718,730,729,727,728,717,709,712,716,726,731,732,725,724,713,706,705,721,715,710,698,689,685,680,668,656,676,672,661,648,646,619,573,562,586,597,625,635,634,638,647,655,669,679,688,683,675,652,674,693,723,733,722,711,691,692,682,678,667,660,640,602,595,568,581,596,582,560,549,524,520,505,490,483,504,486,501,567,527,553,546,531,523,565,633,651,666,594,593,607,592,548,544,545,564,552,539,530,515,481,465,455,470,468,495,473,440,476,456,436,430,432,429,416,404,405,372,358,343,354,340,350,341,333,322,309,290,297,315,323,320,299,328,327,338,344,345,334,370,399,377,369,368,359,385,413,412,422,431,433,449,509,528,537,529,506,485,474,457,477,496,532,533,540,551,554,569,604,608,605,598,591,572,603,609,615,623,618,614,630,639,642,654,657,696,690,686,662,658,649,663,670,664,641,636,606,585,587,563,547,510,502,487,491,513,488,446,445,450,447,438,437,435,441,434,407,417,421,415,409,367,363,391,389,410,423,458,452,478,464,469,461,453,418,425,442,459,454,471,475,489,499,493,479,484,492,507,498,497,534,536,522,535,503,511,516,525,557,575,584,571,566,579,588,583,578,574,556,559,555,541,561,576,580,570,577,599,600,610,616,611,620,589,601,629,612,617,621,631,632,622,613,590,558,550,542,538,543,526,517,508,512,518,521,519,514,500,480,482,472,462,448,420,378,401,411,356,313,325,324,321,312,288,280,245,255,246,256,270,247,241,239,228,208,212,181,180,191,183,214,211,195,186,169,170,108,109,117,132,126,114,90,85,80,79,78,84,83,92,76,45,46,26,17,15,0,2,5,10,1,6,4,3,7,9,14,11,12,8,13,19,22,23,25,16,18,20,24,21,35,44,57,67,75,104,71,72,73,74,66,62,53,52,49,43,27,40,55,65,99,120,123,122,161,164,168,194,190,179,189,207,125,119,94,82,97,91,68,59,54,50,42,38,39,33,28,30,37,41,48,70,64,61,69,56,51,58,60,47,36,34,32,29,31,63,81,96,134,148,202,188,174,165,154,138,129,116,113,110,87,88,89,103,112,107,111,106,118,149,158,185,198,206,199,175,177,166,178,167,162,160,156,159,155,130,136,141,139,133,131,124,150,142,146,204,233,235,251,260,264,265,244,291,252,236,268,261,262,269,295,294,316,337,336,347,352,374,373,383,386,371,400,394,380,364,351,330,342,311,293,305,300,331,339,335,329,304,279,271,267,266,276,283,273,243,230,226,219,223,238,242,250,234,232,229,263,240,225,193,182,173,153,152,145,137,121,102,98,95,77,86,105,93,100,101,128,140,144,147,151,127,115,135,143,163,157,171,187,184,192,196,215,221,213,203,209,220,227,249,253,257,274,306,282,285,307,319,349,353,348,361,365,366,381,398,390,393,403,355,332,310,298,289,286,287,254,258,205,197,200,176,172,201,210,216,217,222,218,224,231,237,259,272,275,303,346,362,382,379,376,375,388,408,419,428,427,444,424,443,426,451,463,494,466,467,460,439,414,402,392,395,396,406,397,384,387,360,357,308,318,326,314,302,281,248,278,277,284,292,296,317,301,88887.8,2.35237
50,42,38,39,33,23,25,27,40,55,52,49,43,53,62,66,67,57,44,75,74,73,72,71,104,108,109,117,132,126,114,90,85,80,79,78,84,83,92,76,46,45,35,26,15,0,2,5,10,17,21,24,20,18,16,6,1,4,3,7,9,14,11,12,8,13,22,19,28,30,37,54,59,68,91,97,125,119,94,82,65,99,120,123,122,207,265,264,260,251,235,233,204,146,142,124,131,133,112,103,107,118,130,136,141,139,150,178,167,162,160,156,155,159,166,177,175,199,198,185,158,149,138,154,174,165,202,188,206,229,232,234,250,242,238,223,219,226,230,243,273,283,276,266,267,271,279,304,300,305,293,311,342,364,351,330,291,244,252,294,295,316,337,336,347,325,324,321,312,288,280,262,269,261,268,236,211,194,190,189,179,161,164,168,169,170,183,186,195,214,191,180,181,208,212,245,255,246,256,228,239,241,247,270,313,356,378,420,462,480,500,482,472,448,454,471,475,461,453,464,469,479,484,493,499,489,503,522,535,525,516,511,517,508,512,514,519,518,521,526,543,538,542,550,558,557,575,590,613,622,632,631,621,617,612,584,571,601,629,620,611,616,610,600,599,577,570,561,541,555,559,556,574,578,583,588,579,589,566,536,534,497,498,507,492,478,452,418,425,442,459,411,401,374,352,373,383,386,371,400,380,394,410,389,391,437,438,447,450,445,446,423,458,513,488,491,487,502,510,547,563,585,576,580,606,636,641,649,664,670,663,658,662,686,690,696,714,720,719,707,708,704,703,700,694,695,687,684,677,671,665,650,653,637,624,619,573,562,528,509,529,537,554,569,604,608,628,627,626,643,644,645,657,654,642,639,630,623,609,587,603,615,618,614,605,598,591,572,551,540,533,532,506,485,496,477,474,457,441,435,421,415,409,417,407,434,399,370,367,363,339,331,335,329,334,345,344,338,327,328,299,320,323,315,297,309,290,263,240,225,218,224,222,217,193,182,201,210,216,237,231,259,272,275,303,358,343,354,340,322,333,341,350,359,368,369,377,385,413,412,422,431,433,449,483,490,505,520,524,549,560,582,586,597,625,647,648,646,656,668,659,673,681,697,699,702,701,706,713,716,712,709,717,718,730,729,727,728,732,731,726,725,724,721,715,710,705,698,689,685,680,676,672,661,688,679,683,669,655,675,652,638,634,635,596,581,568,504,501,486,476,456,436,430,432,429,416,440,408,388,375,376,379,382,404,405,372,362,346,332,355,310,298,289,285,286,287,258,254,200,197,176,172,147,144,140,128,121,137,145,173,152,153,148,134,129,116,113,110,106,111,89,88,70,64,41,48,61,69,56,51,47,36,32,29,31,34,58,60,87,96,81,63,77,95,102,98,86,105,93,100,101,115,127,151,135,143,163,157,171,184,187,196,192,205,215,249,253,257,274,282,307,319,349,353,348,365,366,381,398,390,393,403,424,419,428,427,444,468,473,495,527,546,553,567,595,602,640,660,667,678,682,674,693,723,692,733,722,711,691,651,633,666,594,565,531,470,523,515,530,539,552,564,593,607,592,545,544,548,494,466,467,460,439,451,463,481,465,455,443,426,397,406,396,395,392,402,414,387,384,361,360,357,317,308,318,326,302,314,306,281,227,221,213,203,209,220,248,278,277,284,292,296,301,89295.6,2.34955
539,530,515,523,565,531,546,553,527,567,501,486,504,476,456,483,490,505,520,524,549,560,528,509,506,529,537,532,533,540,547,563,587,585,606,576,580,561,570,577,559,555,541,556,513,488,491,487,502,510,496,477,485,474,457,441,435,421,415,409,417,407,434,399,370,377,369,368,359,385,413,412,422,431,449,433,350,341,333,340,354,358,372,405,404,416,430,436,432,429,440,473,495,468,470,443,424,444,427,428,419,408,388,375,376,379,382,362,346,332,355,310,298,307,319,306,249,253,257,274,282,285,289,286,287,258,254,237,272,259,231,217,222,224,218,193,182,201,210,216,200,197,205,192,196,215,221,227,213,187,184,171,157,163,143,135,115,127,151,147,176,172,144,140,128,101,100,93,105,86,77,63,81,95,98,102,121,137,145,173,152,153,134,148,165,174,154,138,129,116,96,113,110,87,106,118,111,88,89,107,103,112,133,131,124,142,146,204,125,119,99,94,82,97,91,68,59,54,70,64,61,69,56,58,60,47,34,31,29,32,36,51,48,41,37,50,42,38,28,30,19,13,8,12,11,14,22,23,25,27,33,39,40,65,55,52,49,43,53,62,66,57,67,75,74,73,72,71,104,122,120,123,207,189,190,194,186,195,183,170,169,168,164,179,161,108,109,117,92,83,84,78,76,45,44,35,21,24,20,18,16,9,7,3,4,6,1,10,5,2,0,15,17,26,46,79,80,85,90,114,126,132,180,181,208,212,191,214,262,269,261,268,211,236,252,244,265,293,311,305,264,260,251,235,233,219,178,167,166,177,175,155,159,156,160,162,150,139,141,136,130,149,158,199,185,198,206,188,202,225,240,263,275,303,343,322,309,297,290,229,232,234,250,242,243,238,223,230,226,266,276,273,283,299,315,323,320,328,327,338,344,345,334,329,304,279,267,271,300,331,335,339,363,367,342,389,391,437,438,447,450,445,446,410,423,458,452,394,380,364,351,330,291,294,295,316,312,288,280,245,255,246,256,228,239,241,247,270,313,356,325,324,321,336,337,347,352,374,373,383,386,371,400,418,425,442,411,401,378,420,448,462,472,482,480,500,514,519,521,518,512,508,517,526,543,538,542,550,558,525,535,557,575,584,590,613,622,632,631,621,617,612,629,601,571,522,499,489,503,516,511,471,454,459,475,479,469,461,453,464,478,484,493,492,507,498,497,534,536,566,579,589,620,611,616,588,574,578,583,610,600,599,636,641,649,664,670,663,658,662,609,603,615,623,618,614,605,598,591,572,551,554,569,604,627,628,608,630,639,642,645,644,643,654,657,650,665,671,677,684,687,695,694,700,703,707,708,704,686,690,696,714,720,719,730,729,727,718,717,709,712,716,728,732,731,726,725,724,721,715,710,705,706,713,701,702,699,697,698,689,685,681,673,680,676,656,668,659,653,626,624,637,619,573,562,586,597,625,646,648,661,672,688,679,683,669,655,675,674,652,638,647,635,634,582,596,581,568,595,602,640,660,667,678,682,693,723,692,733,722,711,691,651,633,666,594,593,607,592,564,552,545,544,548,494,466,467,460,414,439,451,463,481,465,455,426,403,393,390,398,381,349,353,366,365,348,361,384,397,406,396,395,392,402,387,360,357,317,301,296,292,284,277,278,308,318,326,314,302,281,248,220,209,203,88598.3,2.35244
51,56,58,60,47,36,34,32,29,31,63,81,96,110,113,116,129,134,148,138,154,165,174,188,202,225,240,229,206,198,185,149,158,175,177,166,178,167,162,160,156,159,155,130,136,141,139,150,133,131,124,142,146,125,94,82,42,50,68,91,97,112,103,107,118,111,106,87,88,89,69,61,64,70,48,41,54,59,37,30,28,19,13,8,12,11,14,9,7,3,4,6,1,10,5,2,0,15,26,17,21,24,20,18,16,22,23,25,27,33,38,39,40,43,49,53,62,66,57,67,75,74,73,72,71,52,55,65,99,119,120,123,122,104,161,164,168,169,170,183,191,180,132,117,108,109,92,84,79,78,83,76,44,35,45,46,80,85,90,114,126,181,212,208,228,239,241,247,270,313,256,246,255,245,280,288,262,269,261,268,214,211,195,186,194,190,179,189,236,252,244,207,260,264,265,293,305,311,342,331,300,304,279,276,266,267,271,251,235,233,204,219,226,230,223,199,232,234,250,242,238,243,273,283,299,297,290,263,275,259,272,303,346,362,372,358,343,354,340,350,341,333,322,309,315,323,320,328,327,338,344,368,359,385,413,412,422,399,377,369,370,345,334,329,335,339,363,367,391,389,410,438,447,450,445,446,423,394,380,364,351,330,291,294,295,316,312,321,324,325,336,337,347,352,374,373,383,386,371,400,418,425,442,411,401,356,378,420,448,454,459,475,471,462,472,482,480,500,514,519,521,518,512,508,517,526,543,538,542,550,558,525,516,511,503,535,522,499,489,493,479,484,492,507,498,497,478,469,461,453,464,452,458,488,491,513,534,536,566,571,584,575,557,590,613,622,632,631,621,617,612,629,601,620,589,579,588,611,616,583,574,578,610,600,599,577,556,559,555,541,502,487,437,435,421,415,409,417,407,434,441,457,477,474,485,506,496,510,547,563,587,585,606,576,580,561,570,636,641,664,670,663,649,658,662,654,657,686,690,696,695,687,684,677,671,665,650,643,644,645,642,639,630,623,609,603,615,618,614,608,605,598,591,572,551,540,533,532,529,537,554,569,604,628,627,626,624,637,653,659,673,681,689,697,699,705,706,702,701,709,712,717,718,719,707,703,700,694,704,708,714,720,730,729,727,728,732,731,726,725,716,713,724,721,715,710,698,685,680,668,656,676,672,661,688,679,683,669,675,655,638,634,635,647,625,648,646,619,573,562,528,509,549,560,586,597,582,596,581,652,674,693,682,678,692,723,733,722,711,691,660,667,640,602,568,595,567,651,633,666,594,565,523,470,468,473,495,531,546,553,527,501,486,504,483,490,524,520,505,449,431,433,456,476,436,430,432,429,440,416,405,404,382,379,376,375,332,355,388,408,419,428,427,444,424,443,403,393,390,398,381,366,349,353,348,361,365,397,426,455,465,481,515,530,539,544,545,552,564,593,607,592,548,494,466,467,460,463,451,439,414,402,395,406,396,384,392,387,360,357,308,317,301,296,292,284,277,278,318,326,302,314,306,319,307,310,298,287,258,286,289,285,282,274,257,253,249,215,205,197,200,201,210,216,217,254,237,231,224,222,218,193,182,173,153,152,145,102,98,95,77,86,93,100,101,128,105,121,137,172,176,151,147,144,140,127,115,135,143,163,157,171,187,184,192,196,213,221,227,281,248,220,209,203,88795.2,2.34878
232,234,250,242,238,243,230,226,219,223,199,185,198,206,229,263,275,240,225,202,188,174,165,154,149,158,175,177,166,178,167,162,160,156,159,155,136,141,139,150,133,131,124,142,146,204,233,235,251,260,264,265,293,305,311,342,367,363,339,331,335,329,300,304,279,271,267,266,276,273,283,334,345,370,344,338,327,328,299,320,323,315,297,290,309,322,333,341,350,340,354,343,303,332,346,362,358,372,379,382,404,405,416,440,429,432,430,436,456,476,504,486,501,527,553,546,531,495,473,468,470,443,455,426,398,390,393,403,424,444,427,428,419,408,388,376,375,355,310,298,307,319,306,349,353,366,365,381,397,406,396,395,384,361,348,326,318,308,277,284,292,296,301,317,357,360,387,392,402,414,439,451,463,460,467,466,494,548,544,545,592,607,593,594,564,552,539,530,515,481,465,523,565,633,666,651,691,711,722,733,692,723,693,682,678,667,660,640,602,595,567,568,581,596,582,560,586,597,562,573,619,624,637,656,661,648,646,625,635,634,638,652,674,675,655,647,669,683,679,688,672,676,668,659,653,665,671,677,684,687,695,694,700,701,702,706,705,699,697,681,673,680,685,689,698,710,715,721,724,725,726,731,732,728,716,713,712,709,717,718,727,729,730,719,720,714,708,707,703,704,696,690,686,657,654,650,643,644,645,642,639,630,623,618,614,598,591,605,608,604,628,627,626,569,554,572,551,540,533,532,537,529,506,509,528,549,524,520,505,490,483,449,433,431,422,412,413,385,359,368,369,377,399,434,407,417,421,415,409,391,389,410,446,445,450,447,438,437,435,441,457,474,485,496,477,487,488,491,502,510,547,563,576,580,606,585,587,603,609,615,662,658,649,663,670,664,641,636,570,561,541,555,559,577,599,600,610,616,611,620,601,629,612,617,621,631,632,622,613,590,575,584,571,566,589,579,588,583,578,574,556,513,534,536,497,498,507,492,484,478,469,464,453,461,479,493,489,499,522,535,557,558,550,525,516,511,503,475,459,471,454,448,462,472,482,512,508,517,526,538,542,543,521,518,519,514,500,480,420,378,356,313,325,324,321,336,337,347,352,371,400,386,383,373,374,401,411,442,425,418,452,458,423,394,380,364,351,330,291,252,244,207,189,236,268,294,295,316,312,288,280,262,269,261,214,211,194,190,179,161,164,168,108,109,117,132,180,170,169,186,195,183,191,245,255,246,256,270,247,241,239,228,208,212,181,126,114,90,85,80,79,78,84,83,92,76,45,46,26,15,17,21,24,35,44,57,67,66,62,53,71,72,73,74,75,104,122,123,120,119,125,97,91,68,50,42,38,33,39,82,94,99,65,55,52,49,43,40,27,25,23,16,18,20,10,5,2,0,1,6,4,3,7,9,14,11,12,8,13,22,19,28,30,37,59,54,41,48,61,64,70,103,112,107,130,118,111,106,89,88,69,56,51,36,32,29,31,34,47,58,60,87,63,81,96,110,113,116,129,138,134,148,153,152,145,121,102,98,95,77,86,105,93,100,101,115,135,143,163,157,171,184,187,196,192,205,197,200,176,172,144,147,151,127,128,140,137,173,182,193,201,210,216,217,222,218,224,231,259,272,237,254,258,287,286,289,285,282,274,257,253,249,215,221,213,227,281,314,302,278,248,220,209,203,87478.9,2.35014
263,240,275,259,231,237,272,303,346,332,355,388,375,376,379,382,372,362,358,343,354,340,350,341,333,322,309,323,320,315,297,290,232,234,250,242,243,238,223,199,185,198,206,229,225,202,188,174,165,148,134,138,154,149,158,175,177,166,160,156,159,155,136,130,118,111,106,89,88,69,61,64,70,107,103,112,124,131,133,139,141,162,167,178,230,226,219,204,150,146,142,125,119,99,120,123,122,104,71,72,73,74,75,67,66,62,52,55,65,94,82,97,91,68,59,54,50,42,38,39,33,40,43,49,53,57,44,76,83,92,109,108,117,132,170,169,183,195,186,194,190,168,164,161,179,189,207,264,260,251,235,233,267,271,279,304,276,266,273,283,299,328,327,338,344,345,334,370,399,377,369,368,359,385,413,412,422,431,433,449,434,441,457,474,477,510,547,496,485,506,529,537,532,533,540,551,572,554,569,626,653,659,637,624,619,573,562,597,586,560,549,524,520,528,509,505,490,483,456,436,430,405,404,416,429,432,476,504,486,501,495,527,553,546,531,523,455,443,444,470,468,473,440,408,419,428,427,424,403,393,390,398,426,465,481,515,530,539,545,544,548,592,607,593,564,552,594,565,633,666,651,691,711,722,733,723,692,678,667,660,640,602,595,567,568,581,596,582,635,634,638,652,674,682,693,675,655,683,688,679,669,647,625,646,648,661,672,676,656,668,685,680,673,681,689,698,697,699,702,706,705,710,715,721,724,725,726,731,732,728,716,713,701,709,712,717,727,729,730,718,719,720,714,708,707,704,703,700,694,695,696,690,686,684,687,677,671,665,650,657,654,645,644,643,627,628,604,608,605,591,598,614,618,630,639,642,623,615,609,603,587,563,585,606,649,658,662,663,670,664,641,636,580,576,561,541,555,559,570,577,599,600,610,616,611,620,589,566,579,588,583,578,574,556,513,534,536,497,498,507,492,484,478,479,493,522,535,557,575,584,571,601,629,612,617,621,631,632,622,613,590,558,550,542,543,538,525,516,511,503,499,489,475,459,471,482,508,517,526,512,518,521,519,514,500,480,472,462,454,448,420,378,401,411,442,425,418,453,461,469,464,452,458,488,491,502,487,450,447,438,445,446,423,410,389,391,437,435,421,415,409,417,407,367,363,339,331,335,329,300,342,330,351,364,380,394,400,371,386,383,373,374,356,347,352,337,336,316,294,295,312,321,324,325,313,270,247,241,239,228,208,181,212,246,256,255,245,280,288,262,269,261,268,291,311,305,293,265,244,252,236,211,214,191,180,126,114,90,85,80,79,84,78,46,45,35,24,21,26,15,17,10,5,2,0,1,6,4,3,7,9,16,18,20,27,25,23,22,14,11,12,8,13,19,28,30,37,41,48,36,32,29,31,34,47,51,56,58,60,87,110,113,129,116,96,81,63,77,95,102,98,86,93,100,105,121,137,145,152,153,173,182,193,218,224,222,217,216,210,201,200,197,176,172,151,147,144,140,128,127,101,115,135,143,163,157,171,187,184,192,196,205,215,221,213,227,249,253,257,274,282,285,289,286,258,254,287,298,310,307,319,306,281,314,302,318,326,348,361,365,353,349,366,381,397,406,396,395,384,392,387,402,439,451,463,460,494,466,467,414,360,357,317,301,296,292,284,277,308,278,248,220,209,203,88187.1,2.34876
181,212,208,228,246,256,239,241,247,270,313,325,324,321,336,337,316,294,268,295,312,288,280,255,245,262,269,261,236,252,291,351,364,330,311,293,305,342,331,339,363,367,389,391,421,435,437,438,447,450,445,446,410,380,394,423,458,452,400,371,386,383,373,352,347,374,411,401,356,378,420,448,454,459,442,425,418,453,461,464,469,479,499,489,475,503,511,516,525,538,526,517,508,482,471,462,472,480,500,519,514,512,518,521,543,542,550,558,590,613,622,632,617,621,631,629,620,611,616,588,579,589,566,571,601,612,584,575,557,535,522,493,484,478,492,507,498,497,536,534,556,574,578,583,610,600,599,577,559,555,541,513,488,491,487,502,510,547,561,570,580,576,636,641,606,585,563,587,603,609,615,623,618,614,605,598,591,572,608,604,628,627,626,569,554,551,540,533,532,537,529,506,485,496,477,474,457,441,417,415,409,407,434,399,377,369,368,359,385,413,412,422,431,433,449,505,490,483,504,501,486,476,456,436,430,432,429,440,408,388,375,376,379,382,416,404,405,372,362,346,358,343,354,340,350,341,333,322,309,290,297,315,323,320,299,328,327,338,344,370,345,334,335,329,300,304,279,271,267,266,276,283,273,243,242,250,234,232,229,206,198,185,199,223,238,230,226,219,204,233,235,251,260,264,265,244,207,189,179,161,164,168,190,194,186,195,211,214,191,183,169,170,180,132,117,109,108,76,78,79,84,83,92,126,114,90,85,80,46,26,15,17,21,35,45,44,57,67,66,75,74,73,62,72,71,104,122,123,120,125,119,99,94,82,65,55,52,53,49,43,40,27,25,23,16,18,20,24,10,5,2,0,1,6,4,3,7,9,14,11,12,8,13,19,41,48,61,64,70,59,54,37,30,28,22,33,39,38,42,50,68,91,97,142,146,150,162,167,178,166,177,175,160,156,159,155,158,149,118,130,136,141,139,133,131,124,112,103,107,111,106,89,88,69,56,51,47,36,32,29,31,34,58,60,87,110,113,96,116,129,138,154,134,148,153,152,145,137,140,144,147,151,127,128,121,105,102,98,95,81,63,77,86,93,100,101,115,135,143,163,157,171,184,187,196,192,205,197,200,176,172,201,210,216,217,222,224,218,193,182,173,165,174,188,202,225,240,263,275,303,272,259,231,237,254,258,287,332,310,298,286,289,285,282,257,274,306,307,319,349,355,419,428,427,424,444,470,468,473,495,527,531,546,553,567,595,602,568,581,596,582,638,634,635,647,648,661,646,625,597,586,560,549,524,520,509,528,562,573,619,624,637,653,677,671,665,650,643,644,645,657,654,642,639,630,649,664,670,663,658,662,686,690,696,714,720,719,708,707,703,704,695,684,687,694,700,709,712,717,718,730,729,727,728,732,731,726,716,725,724,721,715,710,705,706,713,701,702,699,697,698,689,685,680,681,673,659,668,656,676,672,688,679,683,669,655,675,652,674,693,682,640,660,667,678,692,723,733,722,711,691,651,633,666,594,565,523,515,530,539,544,545,552,564,593,607,592,548,494,466,467,460,439,451,463,481,465,455,443,426,403,393,390,398,381,366,353,365,361,384,397,406,396,395,392,387,402,414,360,357,317,301,296,292,284,277,308,318,326,348,314,302,278,281,249,253,215,221,213,227,248,220,209,203,90133,2.34945
540,551,532,533,496,477,457,474,485,506,529,537,554,569,604,608,605,572,591,598,614,618,623,615,609,603,587,585,563,547,510,502,487,491,488,458,452,423,410,446,445,450,447,438,437,389,391,367,363,339,335,329,331,342,330,351,364,380,394,400,371,386,418,383,373,374,411,401,356,313,378,420,448,454,462,472,480,500,514,519,521,518,512,526,517,508,482,471,459,442,425,461,453,464,469,478,497,498,507,492,484,479,493,499,489,475,503,522,535,557,525,511,516,538,543,542,550,558,590,613,622,632,617,621,631,629,612,584,575,571,601,620,589,566,536,534,579,611,616,588,583,574,578,610,600,599,577,559,555,556,513,541,561,570,580,576,606,636,641,649,664,670,663,658,662,686,690,696,677,684,687,695,694,700,703,704,707,708,714,720,719,718,730,729,727,728,717,709,712,716,726,731,732,725,724,713,706,701,702,699,697,705,721,715,710,698,689,681,673,680,685,676,656,668,659,653,671,665,650,657,654,642,639,630,645,644,643,628,627,626,624,637,619,573,562,586,597,625,646,648,661,672,688,679,683,669,655,647,635,634,638,582,560,549,528,509,505,483,490,520,524,596,581,568,595,602,640,660,667,652,675,674,693,682,678,692,723,733,722,711,691,651,633,666,594,565,531,523,515,530,539,552,564,593,607,592,545,544,548,494,466,467,460,463,451,439,414,402,387,392,384,395,396,406,397,381,365,366,353,349,355,375,376,379,382,362,346,343,358,372,405,404,408,388,403,393,390,398,426,481,465,455,443,470,444,424,427,428,419,440,468,473,495,527,546,553,567,501,486,504,476,456,436,432,429,416,430,433,449,431,422,412,413,385,359,350,354,340,341,333,322,309,290,297,315,323,320,299,328,327,338,368,369,377,399,434,441,435,421,415,409,417,407,370,344,345,334,304,300,279,271,267,266,276,283,273,243,238,242,250,234,232,229,263,240,225,202,165,174,188,206,198,185,199,223,230,226,219,204,233,235,251,260,264,265,305,311,293,291,244,252,236,268,294,295,316,352,347,337,336,325,324,321,312,288,280,255,245,262,269,261,214,191,212,246,256,270,247,241,239,228,208,181,180,132,126,114,90,85,80,79,78,84,83,92,117,109,108,76,46,45,35,44,57,67,75,66,53,62,74,73,72,71,104,161,164,168,169,170,183,195,186,211,194,190,179,189,207,125,119,120,123,122,99,94,82,65,55,52,49,43,40,39,42,50,38,33,27,25,23,22,14,16,18,20,24,21,17,26,15,0,2,5,10,1,6,4,3,7,9,11,12,8,13,19,28,30,37,41,48,61,64,70,54,59,68,91,97,112,103,107,118,130,136,141,139,133,131,124,142,146,150,178,167,166,162,160,156,155,159,177,175,158,149,154,138,129,134,148,153,152,173,145,137,121,102,98,95,81,96,116,113,110,87,106,111,89,88,69,56,51,36,32,29,31,34,47,58,60,63,77,86,105,93,100,101,115,135,143,163,157,171,184,192,196,187,213,203,209,220,248,227,221,215,205,197,200,176,151,127,128,140,144,147,172,182,193,201,210,216,217,222,218,224,231,237,259,272,275,303,332,310,298,287,254,258,286,289,285,307,319,306,282,274,257,253,249,281,314,302,318,326,348,361,360,357,317,308,278,277,284,292,296,301,89753.1,2.34892
467,466,494,548,544,545,552,564,593,592,607,594,565,633,666,651,567,553,546,531,523,539,530,515,481,463,460,451,439,414,402,392,395,406,396,384,387,360,357,317,308,318,326,361,348,314,302,281,306,319,307,298,310,332,287,258,286,289,285,282,274,257,253,249,227,221,215,196,192,205,197,200,176,172,201,210,216,217,222,218,224,231,237,254,272,259,275,303,322,309,290,297,299,320,323,315,333,341,350,340,354,343,358,346,362,372,405,404,382,379,376,375,388,355,349,353,366,365,397,381,398,390,393,403,426,465,455,443,424,419,408,428,427,444,470,468,473,495,527,501,486,504,568,595,602,640,660,667,678,692,691,711,722,733,723,693,682,674,652,675,655,635,634,638,596,581,582,586,597,625,648,647,669,683,679,688,661,672,676,680,685,698,705,710,715,721,724,725,716,726,731,732,728,727,729,730,717,718,719,720,714,708,707,703,704,695,696,690,686,657,654,650,653,665,671,677,684,687,694,700,709,712,713,706,701,702,699,697,689,681,673,659,668,656,646,619,637,624,626,627,643,644,645,628,608,604,569,573,562,560,549,524,520,490,483,505,509,528,529,537,554,551,540,572,591,598,605,614,618,615,623,630,639,642,662,658,649,663,670,664,641,636,606,585,587,609,603,563,547,576,580,561,570,577,599,600,556,559,555,541,513,488,491,487,502,510,450,447,445,446,423,458,452,497,498,507,534,536,579,588,583,574,578,610,616,611,620,589,566,571,601,629,612,617,621,631,632,622,613,590,584,575,557,558,550,542,538,543,526,517,508,512,518,521,519,514,500,480,482,472,462,471,459,454,448,420,378,401,411,425,442,475,489,503,511,516,525,535,522,499,493,492,484,478,479,469,464,461,453,418,400,380,394,410,438,437,477,496,533,532,506,485,474,457,434,399,449,456,476,440,416,429,432,430,436,433,431,422,412,413,385,377,369,368,359,328,327,338,344,345,334,304,329,335,331,339,363,367,370,407,417,441,435,421,415,409,391,389,364,351,330,311,342,300,305,293,265,244,291,252,236,211,195,186,194,190,179,189,207,264,260,251,235,233,267,271,279,266,276,283,273,243,242,238,223,230,226,219,204,146,142,124,131,133,112,103,107,118,111,106,89,88,69,61,56,51,48,41,64,70,59,54,37,30,28,33,39,38,42,50,82,68,91,97,125,119,94,99,120,123,122,104,161,164,168,169,170,183,191,214,262,269,261,268,294,295,316,312,321,324,325,336,337,347,352,371,386,383,373,374,356,313,270,247,241,239,256,246,255,288,280,245,228,208,212,181,180,132,117,108,109,126,114,90,85,80,79,78,84,83,92,76,46,26,15,17,21,35,45,44,57,67,75,74,73,72,71,66,62,53,43,49,52,55,65,40,27,25,23,22,14,16,18,20,24,10,5,2,0,1,6,4,3,7,9,11,12,8,13,19,29,31,32,34,36,47,58,60,87,110,113,96,116,129,138,154,174,185,149,158,130,136,141,139,150,178,167,162,160,156,155,159,166,177,175,199,198,206,232,234,250,229,263,240,225,202,188,165,148,134,153,152,145,173,193,182,137,140,144,147,151,128,121,105,102,98,95,81,63,77,86,93,100,101,127,115,135,143,163,157,171,184,187,213,203,209,220,248,278,277,284,292,296,301,89224.2,2.34864
269,262,261,295,268,252,244,291,294,316,312,288,280,245,255,246,256,270,247,241,239,228,208,212,191,180,181,126,114,90,85,80,79,78,84,83,92,76,108,109,117,132,170,169,183,195,214,211,236,190,194,186,168,164,161,179,189,207,265,264,260,251,235,233,204,146,142,124,131,133,112,103,107,64,70,59,54,37,30,28,42,50,68,91,97,125,119,120,123,122,99,94,82,65,55,52,71,72,104,73,74,75,67,57,66,62,53,49,43,40,39,38,33,27,25,23,22,16,18,20,24,21,17,35,44,45,46,26,15,0,2,5,10,1,6,4,3,7,9,14,11,12,8,13,19,41,48,36,32,29,31,34,47,60,58,56,51,61,69,88,89,106,111,118,130,136,141,139,150,162,160,156,159,155,149,158,175,177,166,167,178,219,226,230,238,223,199,185,198,206,229,232,234,250,242,243,273,283,276,266,267,271,279,304,300,329,335,331,339,363,367,391,389,342,305,293,311,330,351,364,380,394,400,371,386,383,373,374,352,347,337,336,321,324,325,313,356,378,420,462,472,480,500,482,471,459,454,448,401,411,418,453,461,425,442,475,511,516,525,503,489,499,493,479,469,464,478,484,492,522,535,557,558,550,542,538,526,517,508,512,514,519,518,521,543,590,613,622,632,617,621,631,629,612,584,575,571,601,566,589,620,611,616,588,579,574,578,583,610,600,599,577,556,559,555,541,561,570,580,576,606,636,641,649,664,670,663,658,662,657,654,642,639,630,618,623,615,609,603,587,585,563,547,510,502,487,491,488,513,534,536,507,498,497,452,458,423,410,446,445,450,447,438,437,477,496,533,540,551,572,591,598,605,614,608,604,628,627,643,644,645,650,665,671,677,687,684,686,690,696,714,720,719,730,729,718,707,708,704,703,695,694,700,709,712,717,727,728,732,731,726,716,713,725,724,721,715,710,705,706,701,702,699,697,698,689,685,680,681,673,659,668,656,676,672,661,688,679,683,669,655,675,652,674,682,667,660,678,692,693,723,733,722,711,691,651,633,666,594,564,552,539,515,530,545,544,593,607,592,548,494,466,467,460,463,481,451,439,414,402,387,392,384,395,396,406,397,381,398,390,393,403,424,443,426,465,455,470,468,444,427,428,419,408,440,473,495,527,531,523,565,546,553,567,595,568,602,640,581,596,638,634,635,647,648,646,625,597,586,582,560,549,524,520,490,483,505,509,528,562,573,619,624,637,653,626,569,554,537,529,532,506,485,474,457,441,435,421,415,409,417,407,434,399,377,370,334,345,344,369,368,359,385,413,412,422,431,449,433,456,476,504,501,486,436,430,432,429,416,404,405,372,354,340,350,341,333,323,320,328,338,327,299,315,297,290,309,322,343,358,362,346,382,379,376,375,388,332,310,298,287,258,254,237,259,272,303,275,263,240,225,202,188,174,165,154,138,148,153,152,145,137,173,182,193,218,222,224,231,217,216,210,201,200,197,176,172,151,147,144,140,128,121,105,98,102,134,129,116,113,110,87,96,81,63,77,95,86,93,100,101,127,115,135,143,163,157,171,184,187,196,192,205,215,221,213,227,249,253,281,302,326,314,306,274,257,282,285,286,289,307,319,355,349,353,366,365,361,348,360,357,318,308,317,301,296,292,284,277,278,248,220,209,203,88825.5,2.34889
53,62,66,57,67,75,74,73,72,71,55,52,49,43,40,27,25,23,16,18,20,24,21,35,44,45,76,92,83,84,78,79,80,90,85,46,26,15,17,10,5,2,0,1,6,4,3,7,9,14,11,12,8,13,19,30,37,54,59,50,42,38,28,22,33,39,65,99,120,123,119,94,82,68,91,97,125,207,189,179,190,194,168,164,161,122,104,108,109,117,132,114,126,181,208,228,239,241,247,270,313,325,356,378,420,448,454,459,471,462,472,482,480,500,514,519,521,518,512,508,517,526,543,538,542,550,558,590,613,622,632,631,621,617,612,629,620,611,616,588,579,574,578,583,610,600,599,577,570,561,541,555,559,556,513,534,536,566,589,601,571,584,575,557,525,535,522,499,489,503,516,511,475,442,425,411,401,374,383,373,352,347,337,336,324,321,288,280,312,316,295,294,268,261,269,262,245,255,256,246,212,180,170,169,186,195,183,191,214,211,236,252,244,291,311,342,305,293,265,264,260,251,235,233,204,219,226,230,266,276,283,273,243,238,223,232,234,250,242,299,328,327,338,359,368,369,377,399,385,413,412,422,431,433,449,434,441,435,437,421,415,409,417,407,370,344,345,334,304,279,267,271,300,329,335,331,339,363,367,391,389,410,423,394,380,364,330,351,371,386,400,418,453,461,464,469,479,493,484,492,507,498,497,478,452,458,446,445,438,447,450,488,491,487,502,510,547,563,603,609,587,585,576,580,606,636,641,649,663,664,670,658,662,686,690,696,695,694,687,684,677,671,665,650,657,654,642,623,615,618,614,605,598,591,572,551,540,533,496,477,457,474,485,506,532,529,537,554,569,604,608,630,639,645,644,643,628,627,626,624,637,653,659,673,681,697,699,702,701,700,703,704,707,708,714,720,719,730,729,718,717,727,728,732,731,726,725,716,712,709,713,706,705,724,721,715,710,698,689,685,680,676,668,656,619,573,562,528,509,505,520,524,549,560,582,586,597,625,646,648,661,672,688,679,683,669,647,655,675,674,652,638,634,635,596,581,568,595,602,640,660,667,678,682,693,723,692,733,722,711,691,567,553,546,527,501,486,504,490,483,476,456,436,430,432,429,416,405,404,440,408,419,428,427,444,468,473,495,531,565,633,651,666,594,593,607,592,564,552,539,530,545,544,548,494,466,467,460,463,439,451,481,515,523,470,443,424,403,393,390,398,455,465,426,397,406,396,395,384,392,387,402,414,357,360,348,361,365,381,366,353,349,319,307,298,310,332,355,388,375,376,379,382,372,358,362,346,303,309,322,333,340,343,354,350,341,323,320,315,297,290,275,263,240,225,224,222,218,193,182,173,202,229,206,199,185,198,188,174,165,154,138,129,116,113,110,87,106,111,118,130,136,156,159,155,149,158,175,177,166,178,167,162,160,141,139,150,146,142,124,131,133,112,103,107,89,88,69,61,64,70,41,48,56,51,36,32,29,31,34,47,58,60,63,81,96,134,148,153,152,145,137,121,105,102,98,95,77,86,93,100,101,115,127,128,140,144,147,151,172,176,197,200,201,210,216,217,231,237,259,272,254,258,287,286,289,285,282,257,274,306,281,253,249,227,221,215,205,135,143,163,157,171,187,184,192,196,213,203,209,220,248,302,314,326,318,308,278,277,284,292,296,317,301,91428.7,2.34899
163,157,171,187,184,192,196,221,215,205,197,143,135,115,101,100,93,105,86,77,98,102,95,96,81,63,31,29,32,34,36,47,51,56,58,60,87,110,113,116,129,134,145,152,153,148,138,149,154,165,174,188,202,225,240,263,275,272,259,224,222,218,193,182,173,137,121,128,127,151,147,144,140,172,176,200,201,210,216,217,231,237,254,258,287,286,289,285,282,307,319,298,310,332,355,375,376,379,382,404,405,372,358,362,346,303,343,354,340,350,341,333,322,309,290,297,315,323,320,328,338,327,299,283,273,243,238,242,250,234,232,229,206,198,185,199,223,230,226,219,266,276,267,271,279,304,300,251,260,264,207,235,233,204,146,142,124,131,112,133,150,139,141,160,162,167,178,166,177,175,158,155,159,156,136,130,118,106,111,107,103,70,89,88,69,61,64,48,41,37,30,28,19,13,8,12,11,14,9,7,3,4,6,1,10,5,2,0,15,17,26,45,46,85,90,80,79,78,84,83,92,76,75,66,67,57,44,35,21,24,20,18,16,22,23,25,27,40,33,39,38,42,50,54,59,68,91,97,125,119,120,123,122,99,94,82,65,55,52,49,43,53,62,74,73,72,71,104,161,164,168,179,189,190,194,211,214,191,183,195,186,169,170,132,117,108,109,114,126,180,181,212,208,228,245,255,246,256,239,241,247,270,313,325,356,378,420,448,462,472,482,480,500,514,519,521,518,512,508,517,526,543,538,542,550,525,516,511,471,454,459,475,503,499,489,479,469,464,453,461,425,442,411,401,374,352,347,337,336,324,321,312,316,288,280,262,269,261,268,295,294,291,252,236,244,265,293,305,311,330,351,380,364,342,331,339,335,329,334,345,344,368,359,385,412,413,399,377,369,370,407,417,421,415,409,367,363,391,389,410,423,394,400,386,371,373,383,418,452,458,446,445,450,447,438,437,435,441,434,457,474,485,477,496,510,502,487,491,488,513,541,555,559,556,574,578,583,588,579,536,534,497,498,507,492,478,484,493,522,535,557,558,590,613,622,632,631,621,617,575,584,612,629,601,571,566,589,620,611,616,610,600,599,577,570,561,580,576,547,563,585,606,636,641,649,664,670,663,658,662,686,690,696,704,703,707,708,714,720,719,718,709,712,717,730,729,727,728,732,731,726,716,725,724,721,715,710,705,698,689,685,680,673,681,697,699,702,706,713,701,700,694,695,687,684,677,671,665,659,653,650,657,654,643,644,645,642,639,630,623,609,587,603,615,618,614,608,605,598,591,572,551,540,533,532,506,529,537,554,569,604,628,627,626,624,637,656,668,676,672,661,646,648,647,655,669,679,688,683,675,674,682,693,723,733,722,711,691,692,678,667,660,640,652,638,634,635,625,619,573,562,528,509,505,520,524,549,560,586,597,582,596,581,602,595,568,504,501,486,476,490,483,449,422,431,433,456,436,430,432,429,416,440,473,468,470,523,531,495,527,546,553,567,651,666,633,565,594,593,607,592,564,552,548,544,545,539,530,515,481,465,455,443,424,444,427,428,419,408,388,403,393,390,398,426,451,439,463,460,494,466,467,414,402,387,392,384,395,396,406,397,381,366,349,353,365,361,348,360,357,318,326,314,302,281,306,274,257,253,249,227,213,203,209,220,248,278,308,317,277,284,292,296,301,88005.9,2.34861
586,597,625,646,648,661,688,679,683,669,655,647,635,634,638,596,581,582,560,549,528,509,505,520,524,490,504,501,486,476,456,483,449,433,431,422,412,413,385,350,341,340,354,343,303,275,240,263,290,297,309,322,333,315,323,320,328,299,283,273,243,238,242,250,234,232,229,206,198,199,185,188,225,202,165,174,154,138,129,149,158,175,177,166,167,178,223,230,226,219,204,266,276,267,271,279,304,300,305,293,311,342,363,339,331,335,329,334,345,344,327,338,359,368,369,377,399,370,367,407,417,409,415,421,435,441,434,457,474,477,496,485,506,529,537,532,533,540,551,572,591,598,605,604,608,614,618,615,603,609,623,630,639,642,645,644,643,628,627,626,569,554,562,573,619,624,637,653,659,668,656,672,676,685,680,673,681,689,698,710,715,721,705,697,699,702,701,706,713,724,725,726,731,732,728,716,712,709,717,727,729,730,718,719,720,714,708,707,704,703,700,694,695,687,684,677,671,665,650,654,657,696,690,686,662,658,663,670,664,649,641,636,570,555,541,561,580,576,606,585,587,563,547,510,502,487,491,488,513,534,536,566,589,579,588,583,578,574,556,559,577,599,600,610,616,611,620,601,629,612,621,631,632,622,613,590,617,584,575,571,557,558,550,525,535,522,507,492,484,479,493,499,489,503,511,516,538,542,543,526,517,508,512,518,521,519,514,500,480,482,472,462,420,448,454,471,459,475,442,425,461,453,464,469,478,498,497,452,458,446,445,450,447,438,437,391,389,410,423,394,400,380,364,351,330,316,295,294,291,252,244,265,264,260,251,235,233,207,125,94,99,119,120,123,122,161,164,179,189,190,194,168,186,195,183,169,170,180,191,214,211,236,268,261,269,262,280,288,312,321,324,325,336,337,347,352,371,386,418,383,373,374,411,401,378,356,313,270,247,241,239,228,256,246,255,245,212,208,181,126,114,90,85,80,79,78,84,83,92,132,117,109,108,76,44,35,45,46,26,15,17,21,10,5,2,0,1,6,4,3,7,9,11,12,8,13,19,28,30,37,41,48,54,59,68,50,42,38,39,33,27,25,23,22,14,16,18,20,24,40,43,49,53,57,67,75,104,71,72,73,74,66,62,52,55,65,82,91,97,124,131,142,146,150,133,139,141,162,160,156,159,155,136,130,112,103,107,118,111,106,89,88,69,70,64,61,56,51,47,36,32,29,31,34,58,60,87,110,113,116,96,81,63,77,86,95,98,102,134,148,153,152,145,137,121,105,93,100,101,127,115,135,143,197,200,176,151,147,128,140,144,172,201,210,216,217,182,173,193,218,222,224,231,259,272,237,254,258,287,286,285,289,298,310,332,355,388,375,376,379,382,346,362,358,372,405,404,416,430,436,432,429,440,408,419,428,427,444,470,468,473,495,527,546,553,567,595,568,602,640,660,667,678,682,674,652,675,693,723,692,733,722,711,691,651,633,666,594,552,564,593,607,592,548,544,545,539,530,515,565,531,523,481,463,460,467,494,466,414,439,451,426,465,455,443,424,403,393,390,398,397,406,396,395,384,392,402,387,360,357,317,308,318,326,348,361,365,381,366,353,349,319,307,306,314,302,281,249,253,274,282,257,205,192,184,163,157,171,187,196,215,221,227,213,203,209,220,248,278,277,284,292,296,301,89510.9,2.34995
253,249,281,302,314,326,318,308,317,357,360,348,361,384,396,406,395,392,387,402,414,439,451,463,460,467,466,494,481,515,530,539,545,544,548,592,607,593,564,552,594,565,633,666,651,691,711,722,733,692,723,693,682,678,667,660,640,602,595,568,581,596,582,549,560,586,597,625,647,635,634,638,652,674,675,655,669,683,679,688,676,672,661,648,646,619,637,624,626,653,659,656,668,673,680,685,689,698,710,715,721,705,706,702,699,697,681,701,700,709,712,716,713,724,725,726,731,732,728,727,729,730,717,718,719,720,714,708,707,703,704,695,694,687,684,677,671,665,650,645,644,643,627,628,604,608,630,639,642,654,657,696,690,686,662,658,663,670,664,649,641,636,606,585,576,580,570,561,541,555,559,556,577,599,600,610,578,574,583,616,611,588,579,566,589,620,629,612,601,571,575,584,617,621,631,632,622,613,590,557,558,550,542,538,543,526,517,508,512,518,521,519,514,500,480,472,482,471,475,459,454,448,462,420,378,401,411,442,425,383,371,386,418,453,461,464,469,479,478,484,492,493,499,489,503,511,516,525,535,522,536,534,507,498,497,452,458,423,410,391,389,364,394,400,380,351,342,311,330,291,294,268,261,262,269,295,316,312,288,280,245,255,246,256,325,324,321,336,337,347,352,373,374,356,313,270,247,241,239,228,208,212,181,126,114,90,85,80,79,78,84,83,92,76,46,26,15,17,21,10,5,2,0,1,6,4,3,7,9,14,16,18,20,25,23,22,11,12,8,13,19,28,30,37,54,59,50,42,38,39,33,27,40,55,52,49,43,53,62,72,71,65,99,94,82,68,91,97,119,120,123,122,104,73,74,75,66,67,57,24,35,44,45,108,109,117,132,180,191,214,183,170,169,195,186,168,164,161,179,189,190,194,211,236,252,244,207,125,204,233,235,251,260,264,265,293,305,331,367,363,339,335,329,300,304,279,271,267,266,276,273,283,334,345,344,370,407,417,409,415,421,435,437,438,447,450,445,446,488,513,491,487,502,510,547,563,587,603,609,615,623,618,614,605,598,591,572,551,540,533,496,477,474,457,441,434,485,506,532,529,537,554,569,573,562,528,509,505,520,524,490,483,456,476,504,486,501,567,553,546,531,523,465,455,443,424,470,495,527,473,468,444,427,428,419,408,388,375,376,379,382,346,362,358,372,405,404,416,440,429,432,430,436,433,449,431,422,412,413,399,377,369,368,359,338,327,328,299,297,315,320,323,333,341,350,385,354,343,340,322,309,290,229,263,240,225,202,188,174,165,154,138,149,158,175,199,185,198,206,232,234,250,242,243,238,223,230,226,219,178,167,166,177,159,155,156,160,162,150,146,142,124,131,133,139,141,136,130,118,106,111,107,112,103,89,88,69,64,70,41,48,61,56,51,36,32,29,31,34,47,58,60,87,110,113,129,116,96,81,63,77,95,102,98,86,105,93,100,101,127,115,135,143,197,200,210,201,172,176,151,147,144,140,128,121,137,145,134,148,153,152,173,182,193,218,222,224,231,217,216,237,254,258,272,259,275,303,332,355,403,393,390,398,426,397,381,365,366,353,349,319,307,310,298,287,286,289,285,282,306,274,257,215,205,196,192,184,163,157,171,187,213,221,227,203,209,220,248,278,277,284,292,296,301,87820.7,2.34904
550,558,557,535,525,538,542,543,521,518,519,514,512,508,517,526,516,511,503,475,471,482,500,480,472,462,454,459,442,425,418,452,478,469,464,453,461,479,489,499,493,484,492,498,497,507,522,571,601,584,575,590,613,622,632,631,621,617,612,629,620,611,616,610,578,574,583,588,579,589,566,536,534,556,513,488,491,487,502,510,547,563,587,585,606,576,580,561,541,555,559,570,577,600,599,636,641,664,670,663,649,658,662,609,603,615,623,618,598,591,572,605,614,630,639,642,645,644,643,627,628,608,604,569,554,551,540,533,532,537,529,506,485,496,477,474,457,441,435,421,417,407,409,415,391,389,367,363,339,331,335,329,334,345,344,370,399,377,369,368,359,338,327,328,299,283,273,276,304,300,279,271,267,266,243,238,242,250,234,232,229,202,165,138,154,174,188,206,198,185,199,223,230,226,219,178,167,166,177,175,158,149,155,159,156,160,162,139,141,136,130,107,103,112,124,131,133,150,142,146,204,233,235,251,260,264,207,265,293,305,311,342,330,351,364,380,394,410,437,438,447,450,445,446,458,423,400,371,386,383,373,352,337,336,347,374,401,411,448,420,378,356,313,325,324,321,312,288,280,262,269,261,268,295,316,294,291,244,252,236,211,186,194,190,189,179,164,168,169,170,183,195,191,214,212,245,255,246,256,270,247,241,239,228,208,181,180,126,114,90,85,80,79,78,84,83,92,132,117,109,108,76,46,26,15,0,2,5,10,1,6,4,3,7,9,16,18,20,24,21,17,35,45,44,57,67,66,75,74,73,72,71,104,161,122,123,120,125,119,99,94,82,65,55,52,62,53,49,43,40,33,27,25,23,22,14,11,12,8,13,19,28,30,37,38,39,42,50,54,59,68,91,97,70,64,41,48,61,69,88,89,111,118,106,110,113,87,60,58,56,51,47,36,34,32,29,31,63,81,96,116,129,134,148,153,152,145,173,182,193,217,222,224,218,225,240,263,275,303,272,259,231,237,216,210,201,200,197,151,127,128,140,144,147,176,172,137,121,105,102,98,95,77,86,93,100,101,115,135,143,163,157,171,184,187,196,192,205,215,221,227,213,203,209,220,248,278,308,318,326,314,302,281,249,253,257,274,282,306,319,307,285,289,286,258,254,287,298,310,332,346,362,372,358,343,354,340,322,309,290,297,315,320,323,333,341,350,385,413,412,422,431,433,449,434,509,528,524,520,505,490,483,456,430,436,476,486,501,504,581,596,582,549,560,586,597,625,646,648,661,656,668,637,619,562,573,624,626,653,659,673,681,689,697,699,705,706,702,701,700,687,684,677,671,665,650,654,657,686,690,696,695,694,704,703,707,708,714,720,719,730,729,728,727,718,717,709,712,713,716,726,731,732,725,724,721,715,710,698,685,680,676,672,688,679,683,669,655,647,635,634,638,652,675,674,693,723,733,722,711,651,691,692,682,678,667,660,640,602,568,595,567,527,553,546,633,666,565,523,531,495,473,468,470,444,424,427,428,419,408,440,432,429,416,405,404,382,379,376,375,388,355,403,393,390,398,349,353,366,381,426,443,455,465,481,515,530,539,552,564,594,593,607,592,545,544,548,494,466,467,460,463,451,439,414,402,387,392,384,395,396,406,397,365,361,348,360,357,317,277,284,292,296,301,91745.2,2.35104
126,132,117,109,108,76,83,84,92,114,90,85,80,79,78,46,26,15,17,21,10,5,2,0,1,6,4,3,7,9,14,11,12,8,13,22,38,39,33,27,25,23,16,18,20,24,35,45,44,57,67,75,74,104,71,72,73,66,62,53,49,43,40,52,55,65,82,94,99,122,123,120,119,125,97,91,68,59,54,50,42,28,19,30,37,41,48,70,64,61,69,88,89,106,87,60,58,56,51,47,36,32,29,31,34,63,77,86,98,102,95,81,96,110,113,116,129,138,134,153,148,165,174,154,149,158,175,177,166,178,167,162,160,156,159,155,141,136,130,118,111,107,103,112,124,131,133,139,150,142,146,204,219,226,230,223,199,185,198,206,188,202,225,240,263,229,232,234,250,242,238,243,266,276,273,283,299,327,328,320,323,315,297,290,275,259,237,231,224,218,222,217,216,210,201,176,151,127,128,140,144,147,172,182,193,173,152,145,137,121,105,93,100,101,115,135,143,163,157,171,184,187,196,192,205,215,221,213,227,249,253,257,197,200,258,254,272,303,309,322,333,341,350,340,354,343,358,372,405,404,416,382,379,362,346,332,355,375,376,388,408,419,428,427,444,470,468,473,440,429,432,430,436,456,476,504,486,501,527,495,523,531,546,553,567,595,568,602,640,581,596,582,560,586,597,625,648,646,656,668,659,653,665,650,657,654,642,639,645,644,643,627,628,604,608,630,623,618,614,605,598,591,572,551,540,533,532,496,477,474,485,506,529,537,554,569,626,624,637,619,573,562,549,528,509,505,520,524,490,483,449,433,431,422,412,413,385,359,338,344,345,334,335,329,300,304,279,271,267,233,235,251,260,264,265,244,207,189,190,194,179,161,164,168,169,170,183,195,186,211,214,191,180,181,212,208,228,239,241,247,270,256,246,255,245,280,288,262,269,261,236,252,268,294,295,316,312,337,352,373,374,347,336,321,324,325,313,356,411,401,378,420,448,462,472,482,480,500,514,519,521,518,512,508,517,526,543,538,542,550,525,516,511,471,454,459,475,503,489,499,522,535,557,558,590,613,622,632,631,621,617,612,584,575,571,629,601,566,536,534,497,498,507,492,484,493,479,478,469,464,453,461,442,425,418,383,386,371,400,394,380,364,351,330,291,293,305,311,342,331,339,363,367,370,369,368,377,399,434,457,441,435,421,417,407,409,415,391,389,410,437,438,447,450,445,446,423,458,452,513,488,491,487,502,510,547,563,603,615,609,587,585,576,580,561,541,555,559,556,574,578,583,588,579,589,620,611,616,610,600,599,577,570,606,636,641,649,664,670,663,658,662,686,690,696,695,684,677,671,687,694,700,703,704,707,708,714,720,719,730,729,718,717,727,728,732,731,726,716,712,709,713,725,724,721,715,710,705,706,701,702,699,697,698,689,681,673,680,685,676,672,661,688,679,683,669,647,635,634,638,652,655,675,674,693,682,667,660,678,692,723,733,722,711,691,651,666,633,565,594,564,593,607,592,548,544,545,552,539,530,515,494,466,467,460,414,439,451,463,481,465,455,443,424,403,393,390,398,426,381,365,366,353,349,319,307,310,298,287,286,289,285,282,274,306,314,302,281,248,203,209,220,278,277,284,308,318,326,348,361,384,397,406,396,395,392,402,387,360,357,317,292,296,301,90027.5,2.34804
104,73,74,75,66,67,57,44,35,45,46,26,15,17,21,24,10,5,2,0,1,6,4,3,7,9,16,18,20,25,23,22,14,11,12,8,13,19,28,30,37,54,59,68,91,97,82,50,42,38,39,33,27,40,55,52,49,43,53,62,72,71,65,99,94,125,119,120,123,122,207,189,179,161,164,168,190,194,186,169,170,132,117,109,108,76,92,83,84,78,79,80,85,90,114,126,181,208,212,180,191,183,195,214,211,236,252,244,265,264,260,251,235,233,204,219,226,230,223,232,234,238,243,242,250,299,283,273,276,266,267,271,279,304,329,335,339,331,300,305,293,311,342,364,389,391,363,367,407,409,415,421,417,434,474,485,506,496,477,457,441,435,437,438,447,450,445,446,458,452,497,498,507,492,484,478,469,464,453,425,461,479,493,489,499,522,535,525,516,511,503,475,459,442,411,374,373,383,418,386,371,400,423,410,394,380,351,330,291,316,312,295,294,268,261,269,262,288,280,245,255,246,256,228,239,241,247,270,313,325,324,321,336,337,352,347,356,401,378,420,448,454,471,462,472,482,480,500,514,519,521,518,512,508,517,526,543,538,542,550,558,557,590,613,622,632,631,621,617,584,575,571,612,629,601,620,589,579,566,536,534,513,488,491,487,502,510,547,563,587,585,576,580,561,541,555,559,556,574,578,583,588,611,616,610,600,599,577,570,606,636,641,664,670,663,649,658,662,686,690,696,714,720,719,718,717,730,729,727,728,732,731,726,716,725,724,721,715,710,698,689,685,680,673,681,697,699,705,702,706,713,712,709,701,700,703,707,708,704,695,694,687,684,677,671,665,650,657,654,642,639,645,644,643,628,627,626,569,604,608,630,623,609,603,615,618,614,605,598,591,572,551,540,533,532,529,537,554,562,573,619,624,637,653,659,668,656,676,672,661,688,679,683,669,655,647,648,646,625,635,634,638,596,581,582,597,586,560,549,528,509,505,520,524,490,483,504,501,486,476,456,436,430,432,429,416,404,405,372,382,379,376,375,388,408,440,419,428,427,444,424,443,455,470,468,473,495,531,546,553,527,567,595,568,602,640,660,667,678,682,674,652,675,693,723,692,733,722,711,691,651,666,633,565,594,607,592,593,564,552,523,465,481,515,530,539,545,544,548,494,466,467,460,463,451,439,414,402,387,392,384,395,396,406,397,426,398,403,393,390,349,353,366,381,365,361,348,360,357,317,301,296,292,284,277,308,318,326,314,302,281,306,319,307,289,286,285,282,274,257,253,249,227,221,215,205,197,200,176,172,201,210,216,217,222,224,218,193,182,173,152,153,148,134,129,138,154,165,174,188,202,225,240,263,275,272,259,231,237,254,258,287,298,310,355,332,346,362,358,354,433,449,431,422,412,413,385,368,369,377,399,370,334,345,344,338,327,328,359,323,320,315,322,333,341,350,340,343,303,309,297,290,229,206,198,185,199,149,158,155,159,175,177,166,178,167,162,160,156,150,146,142,124,131,133,139,141,136,130,118,107,112,103,70,64,41,48,61,69,88,89,111,106,87,56,51,36,32,29,31,34,47,58,60,110,113,116,96,81,63,77,95,98,102,145,137,121,105,86,93,100,101,128,140,144,147,151,127,115,135,143,163,157,171,184,192,196,187,213,248,278,220,209,203,88789.7,2.35072
192,196,205,215,221,227,249,253,281,302,278,248,220,209,203,213,187,184,171,157,163,143,135,197,200,176,172,151,147,144,140,128,127,115,101,100,93,86,77,63,81,95,98,102,105,121,137,182,173,145,152,153,148,134,138,129,116,96,113,110,106,111,89,88,69,87,60,58,47,34,31,29,32,36,51,56,61,64,70,48,41,37,30,28,50,59,54,103,112,107,118,130,136,141,156,155,159,160,162,167,178,166,177,175,199,206,198,185,158,149,154,165,174,188,202,225,224,222,218,193,201,210,216,217,231,237,254,258,287,286,289,285,282,257,274,306,319,307,298,310,332,355,375,376,388,408,419,440,429,432,436,430,416,405,404,382,379,362,346,303,272,259,275,263,240,229,232,234,290,309,322,343,358,372,354,340,350,341,333,323,320,315,297,299,328,327,338,344,345,334,304,276,266,283,273,243,242,250,238,223,230,226,219,267,271,279,264,260,251,235,233,204,150,139,133,131,124,146,142,97,91,68,82,94,99,122,123,120,119,125,207,189,244,265,293,291,330,351,380,394,364,342,311,305,300,331,339,335,329,370,399,377,369,368,359,385,413,412,422,431,433,456,476,449,434,417,407,367,363,391,389,410,423,452,478,469,464,453,418,400,371,386,383,373,374,352,347,337,336,325,324,321,312,316,295,294,268,252,236,261,269,262,288,280,255,246,245,214,191,183,195,186,211,194,190,179,168,164,161,104,71,72,73,74,75,67,57,66,62,53,49,43,40,52,55,65,42,38,39,33,27,20,18,16,25,23,22,19,13,8,12,11,14,9,7,3,4,6,1,10,5,2,0,15,26,17,21,24,35,44,45,46,76,92,83,84,78,79,80,85,90,114,126,132,117,109,108,169,170,180,181,212,208,228,239,256,241,247,270,313,356,401,378,420,448,454,459,411,425,442,475,461,479,489,499,493,484,492,507,498,497,534,536,522,535,503,525,516,511,471,462,472,482,480,500,514,519,521,518,512,508,517,526,543,538,542,550,558,557,575,584,590,613,622,632,631,621,617,612,629,601,571,566,589,620,611,616,588,579,574,578,583,610,600,599,577,570,559,556,555,541,510,502,487,491,488,513,458,446,445,450,447,438,437,409,415,421,435,441,457,474,477,496,485,506,509,505,483,490,520,524,528,562,573,619,637,624,626,627,628,608,604,569,554,537,529,532,533,540,551,572,591,598,605,614,630,618,623,615,609,603,587,585,563,547,561,580,576,606,636,641,649,663,664,670,658,662,642,639,645,644,643,650,654,657,686,690,696,704,703,707,708,714,720,719,718,717,730,729,727,728,732,731,726,725,724,721,715,710,705,698,689,697,699,702,701,706,713,716,712,709,700,694,695,687,684,677,671,665,653,659,673,681,680,685,676,672,668,656,646,625,597,586,560,549,582,596,581,652,638,634,635,647,648,661,688,679,683,669,655,675,674,682,693,723,692,678,667,660,640,602,595,568,504,486,501,527,546,553,567,691,722,733,711,651,666,633,565,594,593,607,592,564,552,545,544,548,494,466,467,460,439,414,402,392,395,396,406,397,426,455,465,451,463,481,515,530,539,523,531,495,473,468,470,444,428,427,424,443,403,393,390,398,381,365,366,353,349,314,326,348,361,384,387,360,357,318,308,317,277,284,292,296,301,89166.8,2.34941
284,277,292,296,301,317,308,318,326,348,365,353,349,366,381,398,390,393,403,443,424,444,427,428,419,388,375,376,408,440,473,468,470,455,465,426,397,406,396,395,392,384,361,360,357,387,402,414,439,451,463,460,467,466,494,481,523,515,530,539,552,545,544,548,592,607,593,564,594,666,633,565,531,495,527,553,546,651,691,711,722,733,692,723,693,682,678,667,660,640,602,568,595,567,504,501,486,476,456,436,430,432,429,416,405,404,382,379,346,362,372,358,343,354,340,350,341,333,322,309,290,297,315,323,320,299,283,273,276,266,267,271,279,300,304,334,345,344,338,327,328,359,385,413,412,422,431,433,449,483,490,524,520,505,509,528,562,573,625,597,586,560,549,582,581,596,638,652,674,675,683,688,679,669,655,634,635,647,648,661,672,676,680,685,689,698,697,699,681,673,659,668,656,646,619,637,624,626,627,604,569,554,537,529,506,532,533,540,551,572,591,598,605,614,618,615,623,630,608,628,643,644,645,639,642,654,657,650,653,665,671,677,684,687,695,694,700,703,704,708,707,718,717,709,712,716,713,706,701,702,705,710,715,721,724,725,726,731,732,728,727,729,730,719,720,714,696,690,686,662,658,649,663,670,664,641,636,606,580,576,585,587,609,603,563,547,510,502,487,491,488,513,556,559,555,541,561,570,577,599,600,610,583,578,574,579,588,616,611,620,589,566,571,601,629,612,584,575,617,621,631,632,622,613,590,557,535,522,503,511,516,525,558,550,542,538,543,526,517,508,512,518,521,519,514,500,480,482,472,462,448,420,378,356,401,374,383,373,352,347,337,336,321,324,325,313,270,247,241,239,228,256,246,255,280,288,312,316,294,295,269,262,245,212,208,181,180,191,183,195,186,211,214,261,268,236,252,244,291,330,311,342,391,389,410,423,394,364,351,380,400,371,386,418,453,464,461,425,442,411,459,454,471,475,489,499,493,507,536,534,497,498,492,484,479,469,478,452,458,446,445,450,447,438,437,477,496,485,474,457,441,435,421,415,409,417,434,399,377,368,369,370,407,367,363,339,335,329,331,305,293,265,264,260,251,235,233,207,189,190,194,179,161,164,168,169,170,117,132,126,114,90,85,80,79,78,84,83,92,109,108,76,46,26,15,17,21,10,5,2,0,1,6,4,3,7,9,16,18,20,24,35,45,44,57,67,75,66,62,53,49,43,40,55,52,71,72,73,74,104,122,123,120,99,65,94,82,50,42,38,39,33,27,25,23,22,14,11,12,8,13,19,28,30,37,41,48,54,59,68,91,97,119,125,142,146,150,204,219,226,230,223,238,243,242,250,234,232,229,206,198,185,199,158,149,118,130,136,156,159,155,175,177,166,178,167,162,160,141,139,133,131,124,112,103,107,111,106,110,113,116,96,81,60,58,87,88,89,69,70,64,61,56,51,47,36,34,32,29,31,63,77,86,95,98,102,105,93,100,101,128,127,115,135,143,157,171,163,197,200,216,210,201,172,176,151,147,144,140,121,137,145,173,152,153,134,129,138,154,148,165,174,188,202,240,263,275,303,272,259,225,182,193,218,224,222,217,231,237,254,258,287,298,310,332,355,319,307,289,286,285,282,306,314,302,278,248,281,249,253,274,257,215,205,196,192,184,187,213,221,227,220,209,203,86820.5,2.34944
317,301,296,292,284,277,278,308,318,326,357,360,361,365,381,397,406,396,395,384,392,387,402,414,439,451,463,460,467,466,494,530,539,552,545,544,548,592,607,593,564,594,666,711,733,722,691,651,633,565,531,523,515,481,465,426,398,403,393,390,349,353,366,348,314,302,281,306,319,307,274,257,282,285,289,286,298,310,287,258,254,272,259,275,263,240,225,202,229,206,198,199,232,234,250,242,238,223,230,226,219,267,271,279,276,266,243,273,283,299,320,323,315,297,290,309,322,340,333,341,350,354,343,358,372,405,404,382,379,362,346,303,332,355,375,376,388,408,419,428,427,444,424,443,455,470,468,495,473,440,416,429,432,430,436,456,433,412,413,422,431,449,434,474,485,506,529,537,532,533,540,551,572,591,598,605,614,618,630,642,639,608,604,628,627,626,624,569,554,528,509,520,505,490,483,476,504,486,501,527,546,553,567,595,568,602,640,660,667,678,692,723,693,682,674,652,675,655,683,688,679,669,647,625,635,634,638,596,581,524,549,560,582,586,597,562,573,619,637,653,659,668,656,646,648,661,672,676,685,680,673,681,689,698,710,715,721,705,697,699,702,701,709,712,713,706,724,725,716,726,731,732,728,727,729,730,717,718,719,720,714,708,707,703,704,696,690,686,695,694,700,687,684,677,671,665,650,643,644,645,657,654,662,658,663,670,664,649,641,636,606,580,576,585,587,609,623,615,603,563,547,561,570,541,555,559,577,599,600,610,583,578,574,556,513,497,498,534,536,579,588,616,611,620,589,566,571,601,629,612,584,575,617,621,631,632,622,613,590,557,558,550,542,538,543,526,517,508,512,518,521,519,514,500,480,482,472,462,420,448,454,459,471,511,516,525,535,522,503,489,499,493,507,492,484,478,479,469,464,453,418,425,461,475,442,411,401,378,356,313,270,247,241,239,228,256,246,255,245,212,208,181,180,170,169,168,164,161,179,189,190,194,186,195,183,191,214,211,236,252,244,291,268,294,316,312,295,261,269,262,280,288,325,324,321,336,337,347,352,374,373,383,386,371,400,394,380,364,389,391,437,438,447,450,445,446,410,423,452,458,488,491,487,502,510,496,477,457,441,435,421,415,409,417,407,399,385,359,368,369,377,370,345,344,338,328,327,334,304,329,335,331,339,363,367,342,351,330,311,305,293,265,207,264,260,300,251,235,233,204,146,142,150,139,133,131,124,112,107,103,97,91,68,59,54,50,42,38,39,82,94,125,119,120,123,122,99,65,55,52,53,62,74,73,72,71,104,75,66,67,57,44,45,76,83,84,92,109,108,117,132,126,114,90,85,80,79,78,46,26,35,49,43,40,33,22,23,25,27,20,24,21,17,15,0,2,5,10,1,6,4,3,7,9,16,18,14,11,12,8,13,19,28,30,37,41,48,70,64,61,69,89,88,56,51,36,32,29,31,34,47,58,60,87,106,111,118,130,136,141,156,160,162,167,178,166,159,155,177,175,158,149,185,188,174,165,154,138,134,129,116,113,110,96,81,63,77,86,95,98,102,121,105,93,100,101,115,127,128,140,144,147,151,176,172,137,145,152,153,148,173,182,193,218,222,224,231,237,217,216,210,201,200,197,135,143,163,157,171,187,184,192,196,205,215,221,213,227,253,249,248,220,209,203,88027.6,2.34948
325,356,313,270,247,241,239,256,246,255,245,228,208,212,181,180,191,214,211,194,190,189,179,161,164,168,186,195,183,169,170,132,126,114,90,85,80,79,78,84,83,92,117,109,108,76,46,26,17,15,0,2,5,10,1,6,4,3,7,9,14,11,12,8,13,19,28,30,37,41,48,64,70,89,88,69,61,56,51,47,36,32,29,31,34,58,60,87,110,113,96,81,63,77,95,102,98,86,105,93,100,101,115,135,143,163,157,171,187,184,192,196,213,227,221,215,205,197,200,210,216,217,237,231,224,222,218,193,173,182,201,176,172,140,144,147,151,127,128,121,137,145,152,153,134,116,129,138,148,202,225,240,263,275,290,309,322,333,341,350,340,354,343,358,362,372,382,379,376,375,388,408,419,428,427,444,468,473,440,404,405,416,429,432,430,436,456,476,486,501,504,581,596,638,634,635,582,586,597,625,573,562,528,509,549,560,524,520,505,490,483,449,433,431,422,412,413,385,399,377,369,368,359,328,327,338,344,370,345,334,304,300,279,276,266,267,271,251,235,233,204,219,226,230,223,238,250,242,243,273,283,299,320,323,315,297,234,232,229,206,198,185,188,174,165,154,149,158,199,175,177,166,178,167,162,160,156,159,155,136,130,118,106,111,107,103,112,124,131,133,139,141,150,146,142,125,119,99,94,82,97,91,68,59,54,50,42,38,39,33,27,25,23,22,16,18,20,24,21,35,45,44,57,67,75,66,62,53,52,49,43,40,55,65,71,72,73,74,104,122,120,123,207,265,264,260,305,311,293,291,244,252,236,268,261,269,262,280,288,295,294,316,312,321,324,336,337,347,352,374,373,383,386,371,400,418,453,461,469,464,478,479,484,492,493,499,489,503,475,442,425,411,401,378,420,462,448,454,459,471,482,472,480,500,514,519,521,518,512,508,517,526,543,538,542,550,558,557,525,516,511,535,522,507,498,497,452,458,423,410,394,380,364,351,330,342,331,329,335,339,363,367,391,389,438,445,446,450,447,437,435,441,421,415,409,417,407,434,457,477,496,474,485,506,529,537,532,533,540,551,554,569,572,591,598,605,614,618,623,615,609,603,587,585,563,547,510,502,487,491,488,513,534,536,566,571,584,575,590,613,622,632,631,621,617,612,629,601,589,620,611,616,588,579,574,578,583,610,600,599,556,541,555,559,577,570,561,580,576,606,636,641,649,663,664,670,658,662,654,657,686,690,696,695,694,704,703,707,708,714,720,719,718,730,729,727,717,728,732,731,726,725,724,721,715,710,698,697,699,705,706,702,701,713,716,712,709,700,687,684,677,671,665,650,643,644,645,642,639,630,608,604,628,627,626,624,619,637,653,659,673,681,689,685,680,668,656,676,672,661,646,648,647,655,669,679,688,683,675,652,674,682,693,723,692,678,667,660,640,602,568,595,691,722,733,711,651,666,633,565,531,546,553,567,527,495,470,443,424,403,393,390,398,426,455,465,523,594,564,593,607,592,548,544,545,552,539,530,515,481,463,494,466,467,460,451,439,414,402,387,392,384,395,396,406,397,381,365,366,353,349,319,355,332,346,303,272,259,254,258,287,286,285,289,298,310,307,306,282,274,257,253,249,281,302,314,326,348,361,360,357,318,278,248,220,203,209,277,284,308,317,292,296,301,89819.3,2.34984
33,39,38,42,50,82,65,55,52,49,43,40,27,20,18,16,25,23,22,13,8,12,11,14,9,7,3,4,6,1,0,2,5,10,24,21,17,15,26,35,46,76,45,44,57,53,62,71,72,73,74,66,67,75,104,122,123,120,119,99,94,125,97,91,68,59,54,37,30,28,19,41,48,70,64,61,69,89,88,87,110,113,96,81,60,58,56,51,47,36,34,32,29,31,63,77,86,95,98,102,121,105,93,100,101,115,135,143,163,157,171,184,192,196,187,213,227,221,215,205,197,200,176,172,140,144,147,151,127,128,137,145,173,152,153,148,134,116,129,138,154,165,174,149,158,118,106,111,107,103,112,130,136,141,160,156,159,155,175,177,166,178,167,162,150,139,133,131,124,142,146,204,219,226,230,243,273,283,242,250,234,232,238,223,199,185,198,206,229,188,202,225,240,263,290,309,297,315,323,320,299,328,327,338,344,345,334,370,407,367,363,339,335,329,331,300,304,276,266,279,271,267,233,235,251,260,207,189,244,252,236,211,195,186,194,190,179,161,164,168,108,109,117,92,83,84,78,79,80,85,90,114,126,132,170,169,183,191,180,181,208,212,214,268,261,269,262,288,280,245,255,246,256,228,239,241,247,270,313,356,378,420,401,411,374,352,347,337,336,325,324,321,312,316,295,294,291,265,264,305,293,311,342,330,351,380,364,389,391,410,423,394,400,386,371,373,383,418,425,442,475,459,471,454,448,462,472,482,480,500,514,519,521,518,512,508,517,526,543,538,542,550,558,557,590,613,622,632,617,621,631,629,612,584,575,571,601,566,589,620,611,616,588,579,574,578,583,610,600,599,577,570,561,580,576,606,636,641,649,663,664,670,658,662,686,690,696,677,684,687,695,694,700,709,712,717,718,719,707,703,704,708,714,720,730,729,727,728,732,731,726,725,716,713,706,701,702,699,697,705,724,721,715,710,698,689,681,673,680,685,676,672,661,648,646,625,597,586,582,560,549,509,528,562,573,619,637,656,668,659,653,671,665,650,657,654,645,644,643,628,627,626,624,569,554,537,529,506,485,477,496,532,533,540,551,572,591,598,605,608,604,639,642,630,614,618,623,615,609,603,587,585,563,547,510,502,487,491,488,513,541,555,559,556,534,536,497,498,507,492,522,535,525,516,511,503,489,499,493,479,484,478,469,461,453,464,452,458,446,445,450,447,438,437,421,415,409,417,435,441,457,474,434,399,377,369,368,359,385,413,412,422,431,433,449,483,490,505,520,524,581,596,638,634,635,647,669,679,688,683,655,675,674,652,640,660,667,678,682,693,723,692,733,722,711,691,651,633,666,593,607,592,545,544,548,494,466,467,414,439,451,460,463,481,515,530,539,552,564,594,565,523,531,546,495,527,553,567,595,602,568,504,501,486,476,456,436,430,432,429,416,404,405,372,382,379,376,375,388,408,440,473,468,470,444,427,428,419,424,443,455,465,426,398,390,393,403,355,332,346,362,358,343,354,340,350,341,333,322,303,275,272,259,224,222,218,193,182,201,210,216,217,231,237,254,258,287,310,298,286,289,285,282,307,319,349,353,306,274,257,253,249,281,248,203,209,220,278,277,284,308,318,326,302,314,348,361,365,366,381,397,406,396,395,384,392,402,387,360,357,317,292,296,301,89434.4,2.34879
634,635,647,655,638,652,675,669,683,679,688,648,661,672,676,656,668,659,653,637,624,626,627,628,643,644,645,650,665,671,677,684,687,694,695,704,703,707,708,719,718,717,712,709,700,701,706,702,699,697,681,673,680,685,689,698,710,715,721,705,724,725,713,716,726,731,732,728,727,729,730,720,714,696,690,686,657,654,642,639,630,614,618,623,615,572,591,598,605,608,604,569,554,551,532,533,540,547,510,502,487,491,488,513,556,541,555,559,577,570,561,580,576,606,585,563,587,603,609,662,658,670,664,663,649,641,636,599,600,610,583,578,574,579,588,616,611,620,589,566,601,571,575,584,612,629,631,621,617,632,622,613,590,550,558,557,535,522,499,489,493,484,492,507,536,534,497,498,478,464,469,479,475,503,511,516,525,538,542,543,526,517,508,512,518,521,519,514,500,480,482,471,472,462,420,448,454,459,442,461,453,425,411,401,378,356,313,325,324,321,336,337,347,352,374,373,383,418,400,386,371,316,312,288,280,255,256,270,247,241,239,228,246,245,262,269,261,295,294,268,236,252,244,291,330,351,364,380,394,423,452,458,446,445,450,447,438,437,410,389,391,409,415,421,417,407,434,441,435,457,474,477,496,485,506,529,537,509,528,562,573,619,646,625,597,586,560,549,582,596,581,568,595,602,640,660,667,678,692,682,674,693,723,733,722,711,691,651,666,593,607,592,548,544,545,530,539,552,564,594,633,565,523,515,481,494,466,467,460,463,451,439,414,402,387,392,384,395,396,406,397,365,361,348,360,357,318,326,314,302,281,249,253,306,307,319,349,353,366,381,398,390,393,403,426,465,455,443,470,495,531,546,553,527,567,501,486,504,476,456,490,524,520,505,483,449,433,431,422,412,413,385,359,368,369,377,399,370,367,363,342,311,293,265,264,260,305,300,331,339,335,329,334,345,344,338,327,328,320,323,315,341,350,354,372,405,404,416,430,436,432,429,440,473,468,444,424,427,428,419,408,388,382,379,376,375,355,310,332,346,362,358,343,340,333,322,309,290,297,299,283,273,266,276,304,279,271,267,251,235,233,204,219,226,230,223,238,243,242,250,234,232,199,206,198,185,149,158,175,177,166,159,155,156,160,162,167,178,150,146,142,124,131,133,139,141,136,130,118,111,106,88,89,107,112,103,70,54,59,91,97,68,50,42,38,39,33,27,40,55,65,71,72,62,53,52,49,43,20,24,21,17,35,44,57,67,66,75,74,73,104,122,123,120,119,99,94,82,125,207,189,179,161,164,168,190,194,211,214,191,183,195,186,169,170,180,212,208,181,126,114,90,85,80,79,78,84,83,92,132,117,109,108,76,45,46,26,15,0,2,5,10,1,6,4,3,7,9,16,18,25,23,22,14,11,12,8,13,19,28,30,37,41,48,64,61,69,56,51,47,36,32,29,31,34,58,60,87,110,113,96,81,63,77,86,95,98,102,121,137,182,193,173,145,152,153,148,134,116,129,138,154,165,174,188,202,229,263,275,240,225,218,222,224,231,217,210,216,237,259,272,303,254,258,287,298,286,289,285,282,274,257,197,200,201,172,176,151,127,147,144,140,128,105,93,100,101,115,135,143,163,157,171,184,187,196,192,205,215,221,227,213,203,209,220,248,278,277,284,308,317,292,296,301,89967.6,2.3489
518,512,514,519,521,543,526,517,508,471,482,500,480,472,462,448,454,459,442,411,401,420,378,356,313,270,247,241,239,256,246,255,245,228,208,212,181,180,191,214,261,269,262,280,288,325,324,321,336,347,337,312,316,295,294,268,291,293,305,311,342,330,351,364,389,391,410,423,394,380,400,386,371,352,374,373,383,418,425,461,453,464,469,479,484,493,499,489,475,511,516,538,542,550,558,525,503,522,535,557,590,613,622,632,631,621,617,612,584,575,571,601,629,589,620,611,616,588,579,566,536,534,497,498,507,492,478,452,458,488,491,513,541,561,555,559,556,574,578,583,610,600,599,577,570,580,576,606,636,641,664,670,663,649,658,662,654,657,645,644,643,650,665,671,677,684,687,694,700,703,707,708,704,695,686,690,696,714,720,719,730,729,718,717,727,728,732,731,726,716,712,709,713,725,724,721,715,710,705,706,701,702,699,697,698,689,681,673,680,685,668,656,676,672,661,688,679,683,669,655,675,674,693,682,678,692,723,733,722,711,691,660,667,652,638,596,581,582,634,635,647,648,646,625,597,586,560,549,524,520,505,490,483,449,433,431,422,412,413,385,359,368,369,377,399,434,509,528,562,573,619,624,637,659,653,626,627,628,604,569,554,537,529,506,485,474,457,441,477,496,532,533,540,551,572,591,598,605,608,639,642,630,614,618,623,615,609,603,587,585,563,547,510,502,487,450,446,445,447,438,437,435,421,415,409,417,407,370,345,344,338,327,328,299,242,250,234,232,238,223,219,226,230,243,273,283,266,276,334,329,335,339,363,367,331,300,304,279,271,267,233,235,251,260,264,265,244,252,236,211,194,190,186,195,183,170,169,108,109,117,132,126,114,90,85,80,79,78,84,83,92,76,46,45,35,44,57,67,66,75,74,73,72,71,62,53,49,43,40,52,55,65,39,38,33,27,25,23,18,16,6,20,24,21,17,26,15,0,2,5,10,1,4,3,7,9,14,11,12,8,13,22,19,28,30,37,41,48,54,59,68,50,42,82,94,99,119,125,120,123,122,104,161,164,168,179,189,207,204,178,167,162,160,156,159,155,130,136,141,139,133,150,146,142,131,124,97,91,112,103,107,118,111,106,89,88,69,70,64,61,56,51,47,36,32,29,31,34,58,60,87,110,113,116,96,81,63,77,95,102,98,86,93,100,105,121,137,145,152,153,148,134,129,138,154,165,174,188,149,158,175,166,177,199,185,198,206,229,202,173,182,193,225,240,263,275,303,272,259,254,237,231,224,218,222,217,216,210,201,172,176,200,197,151,147,144,140,128,127,101,115,135,143,163,157,171,184,192,196,205,215,187,213,221,227,249,253,257,274,282,285,289,286,258,287,298,307,306,353,349,319,310,332,346,358,343,340,333,322,309,290,297,315,320,323,341,350,354,372,362,379,382,404,405,416,429,432,430,436,456,476,486,501,504,568,602,640,595,567,553,546,651,633,666,594,565,523,531,527,495,473,440,408,388,376,375,355,390,393,398,403,419,428,427,444,468,470,424,443,455,426,465,481,515,530,539,544,545,552,564,593,607,592,548,494,466,467,460,463,451,439,414,402,387,392,384,395,396,406,397,381,366,365,361,348,360,357,318,326,314,281,302,308,317,301,296,292,284,277,278,248,220,209,203,91758.5,2.34961
313,270,247,241,239,256,246,255,245,228,208,212,181,180,191,183,170,169,195,186,194,190,179,189,207,244,265,264,260,305,311,293,291,252,236,211,214,262,280,288,269,261,268,294,295,316,312,337,336,321,324,325,356,411,401,378,420,448,462,472,454,471,482,480,500,514,519,521,518,512,508,517,526,543,538,542,550,558,557,571,584,575,590,613,622,632,631,621,617,612,629,601,566,589,620,611,616,588,579,574,578,583,610,600,599,577,570,580,576,606,636,641,649,664,670,663,658,662,686,690,696,714,720,708,707,719,718,730,729,727,717,709,712,713,716,728,732,731,726,725,724,721,715,710,705,697,699,702,706,701,700,703,704,695,694,687,684,677,671,665,650,657,654,645,644,643,653,659,673,681,689,698,685,680,668,656,676,672,661,646,648,688,679,683,669,647,635,634,638,652,655,675,674,693,723,733,722,711,691,692,682,678,667,660,640,602,568,595,567,553,651,633,666,594,593,607,592,545,544,548,494,466,467,460,463,451,439,414,402,387,357,360,384,392,395,396,406,397,381,398,426,465,481,515,530,539,552,564,565,523,531,546,527,495,473,468,440,419,428,427,444,470,455,443,424,403,393,390,355,388,408,375,376,379,382,362,346,303,343,358,372,405,404,416,429,432,430,436,486,501,504,476,456,433,412,385,413,422,431,449,483,490,524,520,505,509,528,549,560,582,581,596,625,597,586,562,573,619,637,624,626,627,628,608,604,569,554,551,572,591,598,605,614,630,639,642,623,618,615,609,603,587,585,563,547,561,541,555,559,556,513,534,536,497,498,507,492,484,478,464,469,479,489,499,493,522,535,525,516,511,503,475,459,442,425,461,453,418,383,373,374,347,352,371,386,400,380,364,351,330,342,389,391,437,438,447,450,445,446,410,394,423,452,458,488,491,487,502,510,540,533,532,537,529,506,485,496,477,474,457,441,435,421,415,409,417,407,434,399,368,359,369,377,370,367,363,339,331,335,329,334,345,344,338,327,328,320,323,315,341,350,354,340,333,322,309,275,240,263,290,297,299,283,273,276,266,267,271,279,304,300,251,235,233,204,219,226,230,223,238,243,242,250,234,232,229,206,198,199,185,188,225,202,174,165,148,134,129,138,154,149,158,175,177,166,178,167,162,160,156,159,155,136,141,139,133,131,150,146,142,124,112,103,107,130,118,111,106,89,88,69,61,64,70,48,41,37,30,28,33,39,38,42,50,54,59,68,91,97,125,119,120,123,122,161,164,168,108,109,117,132,126,114,90,85,80,79,78,84,83,92,76,57,67,66,62,53,71,72,73,74,75,104,99,94,82,65,55,52,49,43,40,27,25,23,22,16,18,20,24,35,44,45,46,26,15,17,21,10,5,2,0,1,6,4,3,7,9,14,11,12,8,13,19,29,31,32,34,36,47,51,56,58,60,87,110,113,116,96,81,63,77,86,95,98,102,121,105,93,100,101,115,143,135,127,128,140,137,145,152,153,173,182,193,218,224,222,217,216,210,201,172,144,147,151,176,197,200,237,231,259,272,254,258,287,286,285,289,298,310,332,307,319,349,353,366,365,361,348,314,306,282,274,257,215,205,192,196,187,184,171,163,157,203,209,220,213,221,227,249,253,281,302,326,318,317,308,278,248,277,284,292,296,301,91448.3,2.35
405,416,404,372,358,343,354,340,333,322,309,315,323,320,299,327,338,344,345,334,329,304,300,331,335,339,363,367,391,389,437,438,447,450,445,446,488,513,491,487,502,510,547,540,533,532,551,569,554,537,529,506,485,496,477,474,457,441,435,421,415,409,417,407,434,399,370,377,369,368,359,328,341,350,385,413,412,422,431,433,449,483,490,524,520,505,509,528,549,560,582,596,581,568,602,595,567,553,546,531,527,501,486,504,476,456,436,430,432,429,440,473,495,468,470,443,455,426,465,481,463,460,467,466,494,548,544,545,552,539,530,515,523,565,594,564,593,592,607,666,633,651,711,733,722,691,640,660,667,678,692,723,693,682,674,675,652,638,634,635,625,597,586,562,573,619,637,624,626,627,643,628,604,608,605,572,591,598,614,618,615,623,630,639,642,645,644,654,657,650,665,671,653,659,656,646,648,647,655,669,683,679,688,661,672,676,668,673,681,680,685,689,697,699,705,698,710,715,721,724,725,713,706,702,701,709,712,717,716,726,731,732,728,727,729,730,718,719,720,714,708,707,704,703,700,694,695,687,684,677,696,690,686,662,658,670,664,663,649,609,603,587,563,585,606,641,636,580,576,561,541,555,556,559,570,577,599,600,610,583,578,574,536,534,497,498,507,492,493,489,499,522,535,571,566,589,579,588,616,611,620,601,629,612,617,621,631,632,622,613,590,584,575,557,558,550,542,538,525,516,511,503,475,471,454,448,462,472,482,512,508,517,526,543,521,518,519,514,500,480,420,378,401,411,459,442,425,418,453,461,464,469,479,484,478,452,458,423,410,394,400,386,383,373,374,347,336,337,352,371,380,364,351,330,342,311,305,293,291,244,252,236,268,294,316,295,261,269,262,245,255,246,256,280,288,312,321,324,325,356,313,270,247,241,239,228,208,212,181,180,191,183,214,211,195,186,169,170,132,126,114,90,85,80,79,46,26,15,17,10,5,2,0,1,6,4,3,7,9,14,11,12,8,13,19,22,27,25,23,16,18,20,24,21,35,44,45,76,78,84,83,92,109,108,117,168,164,161,179,194,190,189,207,265,264,260,251,235,233,204,146,142,150,139,133,131,124,97,91,68,82,94,99,119,125,120,123,122,104,71,72,73,74,75,67,57,66,62,53,43,49,52,55,65,40,33,39,38,42,50,28,30,37,54,59,112,103,107,70,64,41,48,61,69,89,88,87,60,58,56,51,47,36,34,32,29,31,63,77,86,98,102,95,81,96,116,113,110,106,111,118,130,136,141,162,160,156,155,159,166,167,178,177,175,158,149,154,138,129,134,148,165,174,202,188,198,185,199,223,230,226,219,267,271,279,266,276,283,273,243,238,242,250,234,232,206,229,297,290,263,240,275,303,272,259,231,224,222,218,225,193,182,173,153,152,145,137,121,105,93,100,101,115,135,127,128,140,144,147,151,172,176,197,200,201,210,216,217,237,254,258,287,286,285,289,298,310,332,346,362,382,379,376,375,355,388,408,419,428,427,444,424,403,393,390,398,381,365,366,353,349,306,319,307,282,274,257,215,205,196,192,184,163,143,157,171,187,213,221,227,249,253,281,248,203,209,220,278,302,314,348,361,384,395,396,406,397,451,439,414,402,392,387,360,357,326,318,308,317,277,284,292,296,301,88414.8,2.34895
574,578,583,610,600,599,577,570,561,541,555,559,556,513,488,491,487,502,510,547,563,587,585,576,580,606,636,641,649,664,670,663,658,662,686,690,696,714,720,730,729,727,728,732,731,726,716,713,725,724,721,715,710,705,698,697,699,702,706,701,709,712,717,718,719,707,708,704,703,700,694,695,687,684,677,671,665,653,659,668,673,681,689,685,680,676,672,661,646,656,637,619,573,562,554,569,604,628,627,626,624,650,643,644,645,657,654,642,639,630,608,605,614,618,623,615,609,603,598,591,572,551,540,533,532,537,529,506,485,474,496,477,437,438,447,450,445,446,458,452,400,371,386,418,425,461,453,464,469,479,478,484,492,507,498,497,534,536,522,535,557,575,584,612,571,566,579,588,616,611,620,589,601,629,631,621,617,632,622,613,590,558,550,542,538,543,526,517,508,511,516,525,503,499,493,489,475,471,472,482,512,518,521,519,514,500,480,462,420,448,454,459,442,411,401,378,356,313,325,324,321,336,347,374,383,373,352,337,312,316,295,294,291,252,244,265,264,260,305,293,311,342,330,351,364,380,394,423,410,389,391,409,407,417,415,421,435,441,457,434,399,377,369,370,367,363,339,331,335,329,300,304,334,345,344,338,359,368,385,413,412,422,431,433,449,483,490,505,509,528,549,560,586,597,625,648,647,655,669,679,688,683,675,652,638,634,635,582,596,581,524,520,504,501,486,476,456,436,430,432,429,416,405,404,382,379,388,408,440,473,495,468,444,470,523,531,546,553,527,567,595,568,602,640,660,667,678,682,674,693,723,692,733,722,711,691,651,666,633,565,594,593,607,592,548,544,545,564,552,539,530,515,494,466,467,460,463,451,481,465,426,455,443,424,427,428,419,403,393,390,398,381,397,406,396,395,384,392,387,402,439,414,357,360,348,361,365,366,353,349,306,319,307,310,332,355,375,376,346,362,372,358,343,303,275,290,263,240,225,259,272,231,224,222,218,193,182,173,145,152,153,148,134,129,138,154,165,174,188,202,229,232,234,250,242,238,243,299,297,309,322,333,340,354,350,341,315,323,320,328,327,283,273,276,266,267,271,279,251,235,233,204,207,189,179,161,164,168,190,194,211,195,186,169,170,183,191,214,236,268,261,269,262,288,280,245,255,246,256,270,247,241,239,228,208,212,181,180,132,117,108,109,126,114,90,85,80,79,78,84,83,92,76,46,45,44,35,21,17,26,15,0,2,5,10,24,1,6,4,3,7,9,14,11,12,8,13,19,28,30,37,54,59,50,42,38,39,33,27,25,23,22,16,18,20,40,43,49,52,55,65,71,72,73,74,66,62,53,57,67,75,104,122,123,120,119,99,94,82,68,91,97,125,142,146,150,124,131,133,139,141,156,160,162,166,167,178,219,226,230,223,199,206,198,185,149,158,175,177,159,155,136,130,118,106,111,107,112,103,89,88,69,61,64,70,41,48,36,32,29,31,34,47,51,56,58,60,87,110,113,116,96,81,63,77,86,95,98,102,137,121,105,93,100,101,115,127,128,140,144,147,151,135,143,163,157,171,187,184,192,196,215,205,197,200,176,172,201,210,216,217,237,254,258,287,298,286,289,285,282,274,257,253,249,281,227,221,213,203,209,220,248,278,302,314,326,318,308,317,277,284,292,296,301,89733.3,2.34915
566,571,584,575,590,613,622,632,631,621,617,612,629,601,620,589,579,588,611,616,610,583,578,574,536,534,498,497,513,502,487,491,488,452,458,446,445,450,447,438,437,391,389,364,410,423,394,380,400,386,383,373,374,401,411,442,425,418,453,461,464,469,479,475,503,489,499,493,484,478,492,507,522,535,511,516,525,557,558,550,542,538,543,526,517,508,512,518,521,519,514,500,480,472,482,471,459,454,448,462,420,378,356,313,270,247,241,239,256,246,255,245,228,208,212,181,180,126,114,90,85,80,79,78,84,83,92,132,117,109,108,76,46,45,44,35,26,15,0,2,5,17,21,24,10,1,6,4,3,7,9,14,16,18,20,40,43,49,53,62,66,57,67,75,74,73,72,71,52,55,65,50,42,38,39,33,27,25,23,22,11,12,8,13,19,28,30,37,54,59,68,91,97,82,94,99,104,161,164,168,179,189,190,194,211,195,186,169,170,183,191,214,262,280,288,312,316,337,336,321,324,325,347,352,371,351,330,342,311,305,251,260,264,265,293,291,294,295,269,261,268,236,252,244,207,122,123,120,119,125,235,233,204,219,226,230,223,238,242,243,273,283,276,266,267,271,279,304,300,329,335,331,339,363,367,370,334,345,344,338,327,328,359,368,369,377,399,434,407,417,409,415,421,435,441,457,477,496,474,485,506,532,537,529,509,528,549,560,562,573,624,637,619,597,586,625,648,646,656,668,659,653,626,627,628,604,608,605,598,591,572,569,554,551,540,533,510,547,563,561,541,555,559,556,600,599,577,570,580,576,606,636,641,664,670,663,662,658,649,585,587,603,609,615,623,618,614,630,639,642,645,644,643,650,654,657,665,671,677,684,687,695,694,700,703,707,708,704,686,690,696,714,720,719,718,730,729,727,717,709,712,713,716,728,732,731,726,725,724,721,715,710,705,706,701,702,699,697,698,689,681,673,680,685,676,672,661,688,679,683,669,655,647,635,634,638,582,596,581,652,675,674,682,693,723,733,722,711,691,692,678,667,660,640,602,568,595,567,501,486,504,476,456,483,490,524,520,505,449,433,431,422,412,413,385,354,372,358,362,346,343,340,350,341,333,322,309,290,297,315,323,320,299,250,234,232,229,206,199,185,198,188,202,225,240,263,275,303,272,259,254,258,287,286,289,285,282,257,274,306,319,307,298,310,332,355,388,375,376,379,382,404,405,416,430,436,432,429,440,473,495,527,553,546,531,470,468,444,427,428,408,419,424,443,455,465,426,451,463,481,515,530,539,523,565,633,651,666,594,593,607,592,564,552,545,544,548,494,466,467,460,439,414,402,357,360,387,392,384,395,396,406,397,381,398,403,393,390,349,353,366,365,361,348,314,302,326,318,308,317,301,296,292,284,277,278,220,209,203,248,281,249,253,215,221,227,213,187,184,192,196,205,197,200,201,210,216,217,237,231,224,222,218,193,182,173,137,145,152,153,134,148,165,174,154,138,129,116,113,110,106,111,118,149,158,175,177,166,178,167,162,160,156,159,155,130,136,141,139,133,150,146,142,124,131,112,103,107,70,64,41,48,61,69,89,88,87,56,51,36,32,29,31,34,47,58,60,96,81,63,77,86,95,98,102,121,105,93,100,101,128,140,144,147,172,176,151,127,115,135,143,163,171,157,90943.2,2.3492
597,586,625,647,635,634,638,582,560,549,596,581,568,602,595,567,501,486,504,476,429,432,430,436,456,483,490,524,520,505,509,528,562,573,619,624,637,653,659,673,681,697,699,702,701,706,713,716,712,709,717,718,707,708,704,703,700,694,695,687,684,677,671,665,650,657,654,645,644,643,626,627,628,608,604,569,554,537,529,532,506,485,474,457,441,435,421,415,409,417,407,434,449,433,431,422,412,413,385,399,377,369,368,359,328,327,338,344,370,345,334,304,300,329,335,331,339,363,367,391,389,410,394,380,364,351,330,291,244,252,236,211,186,195,183,169,170,132,117,168,164,161,179,194,190,189,122,123,120,125,119,99,94,82,65,55,52,49,43,53,62,72,71,104,73,74,75,66,67,57,24,20,40,39,38,33,27,25,23,22,28,42,50,68,97,91,59,54,48,41,37,30,19,13,8,12,11,14,18,16,9,7,3,4,6,1,0,2,5,10,21,17,15,26,35,44,45,46,76,108,109,92,83,84,78,79,80,85,90,114,126,181,180,191,214,212,208,228,239,241,247,270,256,246,255,245,280,288,262,269,261,268,294,295,316,312,337,352,347,336,321,324,325,313,356,378,420,462,472,482,480,500,514,519,521,518,512,508,517,526,543,538,542,550,558,590,613,622,632,631,621,617,612,629,601,571,584,575,557,535,522,525,516,511,503,489,499,493,484,492,507,534,536,566,589,620,611,616,588,579,583,578,574,556,610,600,599,577,570,561,559,555,541,510,502,487,491,488,513,497,498,478,469,464,453,461,479,475,471,454,448,401,411,459,442,425,418,374,373,383,386,371,400,423,452,458,446,445,450,447,438,437,477,496,533,540,551,572,591,598,605,614,618,630,639,642,623,615,609,603,587,585,563,547,576,580,606,636,641,649,664,670,663,658,662,686,690,696,714,720,719,730,729,727,728,732,731,726,725,724,705,721,715,710,698,689,685,680,676,668,656,646,648,661,672,688,679,683,669,655,675,652,674,682,693,723,692,678,667,660,640,691,722,733,711,651,666,633,565,594,564,593,607,592,548,544,545,552,539,530,515,494,466,467,460,463,451,439,414,402,387,392,384,395,396,406,397,426,455,465,481,523,531,546,553,527,495,470,468,473,440,419,428,427,444,424,443,403,398,393,390,355,332,310,298,289,285,286,287,258,254,272,259,225,240,263,275,303,346,376,375,388,408,416,405,404,382,379,362,372,358,343,354,340,350,341,333,322,309,290,297,315,323,320,299,242,238,250,234,232,229,206,198,185,199,223,219,226,230,243,273,283,276,266,267,271,279,251,260,264,305,342,311,293,265,207,235,233,204,146,142,150,139,133,131,124,112,103,107,111,106,118,130,136,141,156,160,162,167,178,166,177,175,159,155,158,149,154,165,174,188,202,148,134,138,129,116,96,113,110,87,88,89,69,70,64,61,51,56,58,60,47,36,34,32,29,31,63,81,95,77,86,98,102,105,93,100,121,137,145,152,153,173,182,193,218,222,224,231,237,217,216,210,201,200,197,176,172,151,147,144,140,128,127,101,115,135,143,163,157,171,184,187,196,192,205,215,221,213,227,249,253,257,274,282,307,319,349,353,366,381,365,361,348,360,357,326,314,306,281,302,318,308,317,301,296,292,284,277,278,248,220,209,203,88744.4,2.34897
230,226,219,223,238,243,242,250,234,232,229,206,198,188,202,225,240,263,290,309,297,315,323,320,299,283,273,276,266,267,271,279,304,329,331,339,335,334,345,344,370,399,377,369,338,327,328,359,368,385,413,412,422,431,433,449,434,474,485,506,529,537,532,551,540,533,496,477,457,441,435,421,415,409,417,407,367,363,342,391,389,410,364,351,380,394,423,458,452,400,371,386,383,373,374,418,425,442,411,401,356,378,420,448,462,472,482,480,500,514,519,521,518,512,517,508,471,454,459,475,503,525,511,516,538,526,543,542,550,558,557,590,613,622,632,631,621,617,584,575,571,535,522,499,489,493,479,469,461,453,464,478,484,492,507,498,497,534,536,566,589,601,612,629,620,611,616,588,579,574,578,583,610,600,599,577,570,580,576,561,541,555,559,556,513,491,488,446,445,450,447,438,437,487,502,510,547,563,603,609,587,585,606,636,641,664,670,663,649,658,662,686,690,696,695,694,687,684,677,671,665,657,654,650,626,627,628,643,644,645,642,639,630,623,615,618,614,605,598,591,572,608,604,569,554,528,509,505,483,490,520,524,549,560,582,581,596,638,634,635,647,648,646,625,597,586,562,573,619,624,637,653,659,673,681,697,699,702,706,713,716,712,709,701,700,703,704,707,708,714,720,719,730,729,718,717,727,728,732,731,726,725,724,721,715,710,705,698,689,685,680,668,656,676,672,661,688,679,683,669,655,675,652,674,693,723,733,722,711,691,692,682,678,667,660,640,602,568,595,567,504,501,486,476,456,436,430,432,429,416,405,404,440,408,388,375,376,379,382,372,362,358,343,354,340,350,341,333,322,303,275,259,272,258,254,237,231,224,218,222,217,216,210,201,200,197,176,172,147,151,127,128,144,140,137,182,193,173,145,152,153,148,165,174,154,138,134,129,116,113,110,149,158,185,199,175,177,166,178,167,162,160,156,159,155,130,136,141,139,150,146,142,124,131,133,112,107,103,97,91,68,82,94,65,55,52,49,43,53,62,66,57,67,75,74,73,72,71,104,122,123,120,99,119,125,204,233,235,251,260,264,300,305,293,311,330,291,294,295,316,312,352,347,337,336,321,324,325,313,270,247,241,239,256,246,255,245,280,288,262,269,261,268,236,252,244,265,207,189,179,190,194,186,168,164,161,108,109,117,170,169,183,195,211,214,191,212,228,208,181,180,132,126,114,90,85,80,79,78,84,83,92,76,46,45,44,35,26,15,17,21,10,5,2,0,1,6,4,3,7,9,14,11,12,8,13,22,23,25,16,18,20,24,40,27,33,39,38,42,50,59,54,37,30,28,19,41,48,70,64,61,69,88,89,111,118,106,87,56,51,47,36,32,29,31,34,58,60,96,81,63,77,86,95,98,102,121,105,93,100,101,115,135,143,163,157,171,187,184,192,196,205,215,221,213,227,249,253,257,274,306,319,307,282,285,289,286,287,298,310,332,346,355,349,353,366,365,381,397,426,398,390,393,403,424,419,428,427,444,468,473,495,470,443,455,465,481,515,530,539,552,564,594,565,523,531,546,527,553,651,633,666,593,607,592,545,544,548,494,466,467,460,463,451,439,414,402,387,392,395,406,396,384,357,360,361,348,314,326,318,308,317,301,296,292,284,277,278,302,281,248,220,209,203,88122.1,2.35064
